This file contains any messages produced by compilers while
running configure, to aid debugging if configure makes a mistake.

It was created by PostgreSQL configure 19devel, which was
generated by GNU Autoconf 2.69.  Invocation command line was

  $ ../configure --prefix=/tmp/pg_install --enable-cassert --without-readline

## --------- ##
## Platform. ##
## --------- ##

hostname = runnervmkj6or
uname -m = x86_64
uname -r = 6.11.0-1018-azure
uname -s = Linux
uname -v = #18~24.04.1-Ubuntu SMP Sat Jun 28 04:46:03 UTC 2025

/usr/bin/uname -p = x86_64
/bin/uname -X     = unknown

/bin/arch              = x86_64
/usr/bin/arch -k       = unknown
/usr/convex/getsysinfo = unknown
/usr/bin/hostinfo      = unknown
/bin/machine           = unknown
/usr/bin/oslevel       = unknown
/bin/universe          = unknown

PATH: /snap/bin
PATH: /home/runner/.local/bin
PATH: /opt/pipx_bin
PATH: /home/runner/.cargo/bin
PATH: /home/runner/.config/composer/vendor/bin
PATH: /usr/local/.ghcup/bin
PATH: /home/runner/.dotnet/tools
PATH: /usr/local/sbin
PATH: /usr/local/bin
PATH: /usr/sbin
PATH: /usr/bin
PATH: /sbin
PATH: /bin
PATH: /usr/games
PATH: /usr/local/games
PATH: /snap/bin


## ----------- ##
## Core tests. ##
## ----------- ##

configure:2921: checking build system type
configure:2935: result: x86_64-pc-linux-gnu
configure:2955: checking host system type
configure:2968: result: x86_64-pc-linux-gnu
configure:2990: checking which template to use
configure:3056: result: linux
configure:3178: checking whether NLS is wanted
configure:3210: result: no
configure:3218: checking for default port number
configure:3243: result: 5432
configure:3697: checking for block size
configure:3731: result: 8kB
configure:3798: checking for segment size
configure:3805: result: 1GB
configure:3822: checking for WAL block size
configure:3857: result: 8kB
configure:3929: checking for gcc
configure:3945: found /usr/bin/gcc
configure:3956: result: gcc
configure:3987: checking for C compiler version
configure:3996: gcc --version >&5
gcc (Ubuntu 13.3.0-6ubuntu2~24.04) 13.3.0
Copyright (C) 2023 Free Software Foundation, Inc.
This is free software; see the source for copying conditions.  There is NO
warranty; not even for MERCHANTABILITY or FITNESS FOR A PARTICULAR PURPOSE.

configure:4007: $? = 0
configure:3996: gcc -v >&5
Using built-in specs.
COLLECT_GCC=gcc
COLLECT_LTO_WRAPPER=/usr/libexec/gcc/x86_64-linux-gnu/13/lto-wrapper
OFFLOAD_TARGET_NAMES=nvptx-none:amdgcn-amdhsa
OFFLOAD_TARGET_DEFAULT=1
Target: x86_64-linux-gnu
Configured with: ../src/configure -v --with-pkgversion='Ubuntu 13.3.0-6ubuntu2~24.04' --with-bugurl=file:///usr/share/doc/gcc-13/README.Bugs --enable-languages=c,ada,c++,go,d,fortran,objc,obj-c++,m2 --prefix=/usr --with-gcc-major-version-only --program-suffix=-13 --program-prefix=x86_64-linux-gnu- --enable-shared --enable-linker-build-id --libexecdir=/usr/libexec --without-included-gettext --enable-threads=posix --libdir=/usr/lib --enable-nls --enable-bootstrap --enable-clocale=gnu --enable-libstdcxx-debug --enable-libstdcxx-time=yes --with-default-libstdcxx-abi=new --enable-libstdcxx-backtrace --enable-gnu-unique-object --disable-vtable-verify --enable-plugin --enable-default-pie --with-system-zlib --enable-libphobos-checking=release --with-target-system-zlib=auto --enable-objc-gc=auto --enable-multiarch --disable-werror --enable-cet --with-arch-32=i686 --with-abi=m64 --with-multilib-list=m32,m64,mx32 --enable-multilib --with-tune=generic --enable-offload-targets=nvptx-none=/build/gcc-13-fG75Ri/gcc-13-13.3.0/debian/tmp-nvptx/usr,amdgcn-amdhsa=/build/gcc-13-fG75Ri/gcc-13-13.3.0/debian/tmp-gcn/usr --enable-offload-defaulted --without-cuda-driver --enable-checking=release --build=x86_64-linux-gnu --host=x86_64-linux-gnu --target=x86_64-linux-gnu --with-build-config=bootstrap-lto-lean --enable-link-serialization=2
Thread model: posix
Supported LTO compression algorithms: zlib zstd
gcc version 13.3.0 (Ubuntu 13.3.0-6ubuntu2~24.04) 
... rest of stderr output deleted ...
configure:4007: $? = 0
configure:3996: gcc -V >&5
gcc: error: unrecognized command-line option '-V'
gcc: fatal error: no input files
compilation terminated.
configure:4007: $? = 1
configure:3996: gcc -qversion >&5
gcc: error: unrecognized command-line option '-qversion'; did you mean '--version'?
gcc: fatal error: no input files
compilation terminated.
configure:4007: $? = 1
configure:4027: checking whether the C compiler works
configure:4049: gcc    conftest.c  >&5
configure:4053: $? = 0
configure:4101: result: yes
configure:4104: checking for C compiler default output file name
configure:4106: result: a.out
configure:4112: checking for suffix of executables
configure:4119: gcc -o conftest    conftest.c  >&5
configure:4123: $? = 0
configure:4145: result: 
configure:4167: checking whether we are cross compiling
configure:4175: gcc -o conftest    conftest.c  >&5
configure:4179: $? = 0
configure:4186: ./conftest
configure:4190: $? = 0
configure:4205: result: no
configure:4210: checking for suffix of object files
configure:4232: gcc -c   conftest.c >&5
configure:4236: $? = 0
configure:4257: result: o
configure:4261: checking whether we are using the GNU C compiler
configure:4280: gcc -c   conftest.c >&5
configure:4280: $? = 0
configure:4289: result: yes
configure:4298: checking whether gcc accepts -g
configure:4318: gcc -c -g  conftest.c >&5
configure:4318: $? = 0
configure:4359: result: yes
configure:4376: checking for gcc option to accept ISO C89
configure:4439: gcc  -c -g -O2  conftest.c >&5
configure:4439: $? = 0
configure:4452: result: none needed
configure:4475: checking for gcc option to accept ISO C11
configure:4491: gcc  -c -g -O2  conftest.c >&5
configure:4491: $? = 0
configure:4506: result: none needed
configure:4573: checking for g++
configure:4589: found /usr/bin/g++
configure:4600: result: g++
configure:4627: checking for C++ compiler version
configure:4636: g++ --version >&5
g++ (Ubuntu 13.3.0-6ubuntu2~24.04) 13.3.0
Copyright (C) 2023 Free Software Foundation, Inc.
This is free software; see the source for copying conditions.  There is NO
warranty; not even for MERCHANTABILITY or FITNESS FOR A PARTICULAR PURPOSE.

configure:4647: $? = 0
configure:4636: g++ -v >&5
Using built-in specs.
COLLECT_GCC=g++
COLLECT_LTO_WRAPPER=/usr/libexec/gcc/x86_64-linux-gnu/13/lto-wrapper
OFFLOAD_TARGET_NAMES=nvptx-none:amdgcn-amdhsa
OFFLOAD_TARGET_DEFAULT=1
Target: x86_64-linux-gnu
Configured with: ../src/configure -v --with-pkgversion='Ubuntu 13.3.0-6ubuntu2~24.04' --with-bugurl=file:///usr/share/doc/gcc-13/README.Bugs --enable-languages=c,ada,c++,go,d,fortran,objc,obj-c++,m2 --prefix=/usr --with-gcc-major-version-only --program-suffix=-13 --program-prefix=x86_64-linux-gnu- --enable-shared --enable-linker-build-id --libexecdir=/usr/libexec --without-included-gettext --enable-threads=posix --libdir=/usr/lib --enable-nls --enable-bootstrap --enable-clocale=gnu --enable-libstdcxx-debug --enable-libstdcxx-time=yes --with-default-libstdcxx-abi=new --enable-libstdcxx-backtrace --enable-gnu-unique-object --disable-vtable-verify --enable-plugin --enable-default-pie --with-system-zlib --enable-libphobos-checking=release --with-target-system-zlib=auto --enable-objc-gc=auto --enable-multiarch --disable-werror --enable-cet --with-arch-32=i686 --with-abi=m64 --with-multilib-list=m32,m64,mx32 --enable-multilib --with-tune=generic --enable-offload-targets=nvptx-none=/build/gcc-13-fG75Ri/gcc-13-13.3.0/debian/tmp-nvptx/usr,amdgcn-amdhsa=/build/gcc-13-fG75Ri/gcc-13-13.3.0/debian/tmp-gcn/usr --enable-offload-defaulted --without-cuda-driver --enable-checking=release --build=x86_64-linux-gnu --host=x86_64-linux-gnu --target=x86_64-linux-gnu --with-build-config=bootstrap-lto-lean --enable-link-serialization=2
Thread model: posix
Supported LTO compression algorithms: zlib zstd
gcc version 13.3.0 (Ubuntu 13.3.0-6ubuntu2~24.04) 
... rest of stderr output deleted ...
configure:4647: $? = 0
configure:4636: g++ -V >&5
g++: error: unrecognized command-line option '-V'
g++: fatal error: no input files
compilation terminated.
configure:4647: $? = 1
configure:4636: g++ -qversion >&5
g++: error: unrecognized command-line option '-qversion'; did you mean '--version'?
g++: fatal error: no input files
compilation terminated.
configure:4647: $? = 1
configure:4651: checking whether we are using the GNU C++ compiler
configure:4670: g++ -c   conftest.cpp >&5
configure:4670: $? = 0
configure:4679: result: yes
configure:4688: checking whether g++ accepts -g
configure:4708: g++ -c -g  conftest.cpp >&5
configure:4708: $? = 0
configure:4749: result: yes
configure:4792: g++ -c -g -O2  conftest.cpp >&5
configure:4792: $? = 0
configure:4809: checking for g++ option to accept ISO C++11
configure:4830: g++  -c -g -O2  conftest.cpp >&5
configure:4830: $? = 0
configure:4853: result: none needed
configure:4880: gcc -c -g -O2  conftest.c >&5
conftest.c: In function 'main':
conftest.c:24:1: error: unknown type name 'choke'
   24 | choke me
      | ^~~~~
configure:4880: $? = 1
configure: failed program was:
| /* confdefs.h */
| #define PACKAGE_NAME "PostgreSQL"
| #define PACKAGE_TARNAME "postgresql"
| #define PACKAGE_VERSION "19devel"
| #define PACKAGE_STRING "PostgreSQL 19devel"
| #define PACKAGE_BUGREPORT "pgsql-bugs@lists.postgresql.org"
| #define PACKAGE_URL "https://www.postgresql.org/"
| #define CONFIGURE_ARGS " '--prefix=/tmp/pg_install' '--enable-cassert' '--without-readline'"
| #define PG_MAJORVERSION "19"
| #define PG_MAJORVERSION_NUM 19
| #define PG_MINORVERSION_NUM 0
| #define PG_VERSION "19devel"
| #define DEF_PGPORT 5432
| #define DEF_PGPORT_STR "5432"
| #define BLCKSZ 8192
| #define RELSEG_SIZE 131072
| #define XLOG_BLCKSZ 8192
| /* end confdefs.h.  */
| 
| int
| main ()
| {
| #ifndef __INTEL_COMPILER
| choke me
| #endif
|   ;
|   return 0;
| }
configure:4923: checking for gawk
configure:4939: found /usr/bin/gawk
configure:4950: result: gawk
configure:5256: checking whether gcc supports -Wdeclaration-after-statement, for CFLAGS
configure:5278: gcc -c -Wall -Wmissing-prototypes -Wpointer-arith -Wdeclaration-after-statement  -D_GNU_SOURCE conftest.c >&5
configure:5278: $? = 0
configure:5288: result: yes
configure:5304: checking whether gcc supports -Werror=vla, for CFLAGS
configure:5326: gcc -c -Wall -Wmissing-prototypes -Wpointer-arith -Wdeclaration-after-statement -Werror=vla  -D_GNU_SOURCE conftest.c >&5
configure:5326: $? = 0
configure:5336: result: yes
configure:5345: checking whether gcc supports -Werror=unguarded-availability-new, for CFLAGS
configure:5367: gcc -c -Wall -Wmissing-prototypes -Wpointer-arith -Wdeclaration-after-statement -Werror=vla -Werror=unguarded-availability-new  -D_GNU_SOURCE conftest.c >&5
cc1: error: '-Werror=unguarded-availability-new': no option '-Wunguarded-availability-new'
configure:5367: $? = 1
configure: failed program was:
| /* confdefs.h */
| #define PACKAGE_NAME "PostgreSQL"
| #define PACKAGE_TARNAME "postgresql"
| #define PACKAGE_VERSION "19devel"
| #define PACKAGE_STRING "PostgreSQL 19devel"
| #define PACKAGE_BUGREPORT "pgsql-bugs@lists.postgresql.org"
| #define PACKAGE_URL "https://www.postgresql.org/"
| #define CONFIGURE_ARGS " '--prefix=/tmp/pg_install' '--enable-cassert' '--without-readline'"
| #define PG_MAJORVERSION "19"
| #define PG_MAJORVERSION_NUM 19
| #define PG_MINORVERSION_NUM 0
| #define PG_VERSION "19devel"
| #define DEF_PGPORT 5432
| #define DEF_PGPORT_STR "5432"
| #define BLCKSZ 8192
| #define RELSEG_SIZE 131072
| #define XLOG_BLCKSZ 8192
| /* end confdefs.h.  */
| 
| int
| main ()
| {
| 
|   ;
|   return 0;
| }
configure:5377: result: no
configure:5384: checking whether g++ supports -Werror=unguarded-availability-new, for CXXFLAGS
configure:5412: g++ -c -Wall -Wpointer-arith -Werror=unguarded-availability-new  -D_GNU_SOURCE conftest.cpp >&5
cc1plus: error: '-Werror=unguarded-availability-new': no option '-Wunguarded-availability-new'
configure:5412: $? = 1
configure: failed program was:
| /* confdefs.h */
| #define PACKAGE_NAME "PostgreSQL"
| #define PACKAGE_TARNAME "postgresql"
| #define PACKAGE_VERSION "19devel"
| #define PACKAGE_STRING "PostgreSQL 19devel"
| #define PACKAGE_BUGREPORT "pgsql-bugs@lists.postgresql.org"
| #define PACKAGE_URL "https://www.postgresql.org/"
| #define CONFIGURE_ARGS " '--prefix=/tmp/pg_install' '--enable-cassert' '--without-readline'"
| #define PG_MAJORVERSION "19"
| #define PG_MAJORVERSION_NUM 19
| #define PG_MINORVERSION_NUM 0
| #define PG_VERSION "19devel"
| #define DEF_PGPORT 5432
| #define DEF_PGPORT_STR "5432"
| #define BLCKSZ 8192
| #define RELSEG_SIZE 131072
| #define XLOG_BLCKSZ 8192
| /* end confdefs.h.  */
| 
| int
| main ()
| {
| 
|   ;
|   return 0;
| }
configure:5428: result: no
configure:5437: checking whether gcc supports -Wendif-labels, for CFLAGS
configure:5459: gcc -c -Wall -Wmissing-prototypes -Wpointer-arith -Wdeclaration-after-statement -Werror=vla -Wendif-labels  -D_GNU_SOURCE conftest.c >&5
configure:5459: $? = 0
configure:5469: result: yes
configure:5476: checking whether g++ supports -Wendif-labels, for CXXFLAGS
configure:5504: g++ -c -Wall -Wpointer-arith -Wendif-labels  -D_GNU_SOURCE conftest.cpp >&5
configure:5504: $? = 0
configure:5520: result: yes
configure:5528: checking whether gcc supports -Wmissing-format-attribute, for CFLAGS
configure:5550: gcc -c -Wall -Wmissing-prototypes -Wpointer-arith -Wdeclaration-after-statement -Werror=vla -Wendif-labels -Wmissing-format-attribute  -D_GNU_SOURCE conftest.c >&5
configure:5550: $? = 0
configure:5560: result: yes
configure:5567: checking whether g++ supports -Wmissing-format-attribute, for CXXFLAGS
configure:5595: g++ -c -Wall -Wpointer-arith -Wendif-labels -Wmissing-format-attribute  -D_GNU_SOURCE conftest.cpp >&5
configure:5595: $? = 0
configure:5611: result: yes
configure:5619: checking whether gcc supports -Wimplicit-fallthrough=3, for CFLAGS
configure:5641: gcc -c -Wall -Wmissing-prototypes -Wpointer-arith -Wdeclaration-after-statement -Werror=vla -Wendif-labels -Wmissing-format-attribute -Wimplicit-fallthrough=3  -D_GNU_SOURCE conftest.c >&5
configure:5641: $? = 0
configure:5651: result: yes
configure:5658: checking whether g++ supports -Wimplicit-fallthrough=3, for CXXFLAGS
configure:5686: g++ -c -Wall -Wpointer-arith -Wendif-labels -Wmissing-format-attribute -Wimplicit-fallthrough=3  -D_GNU_SOURCE conftest.cpp >&5
configure:5686: $? = 0
configure:5702: result: yes
configure:5710: checking whether gcc supports -Wcast-function-type, for CFLAGS
configure:5732: gcc -c -Wall -Wmissing-prototypes -Wpointer-arith -Wdeclaration-after-statement -Werror=vla -Wendif-labels -Wmissing-format-attribute -Wimplicit-fallthrough=3 -Wcast-function-type  -D_GNU_SOURCE conftest.c >&5
configure:5732: $? = 0
configure:5742: result: yes
configure:5749: checking whether g++ supports -Wcast-function-type, for CXXFLAGS
configure:5777: g++ -c -Wall -Wpointer-arith -Wendif-labels -Wmissing-format-attribute -Wimplicit-fallthrough=3 -Wcast-function-type  -D_GNU_SOURCE conftest.cpp >&5
configure:5777: $? = 0
configure:5793: result: yes
configure:5801: checking whether gcc supports -Wshadow=compatible-local, for CFLAGS
configure:5823: gcc -c -Wall -Wmissing-prototypes -Wpointer-arith -Wdeclaration-after-statement -Werror=vla -Wendif-labels -Wmissing-format-attribute -Wimplicit-fallthrough=3 -Wcast-function-type -Wshadow=compatible-local  -D_GNU_SOURCE conftest.c >&5
configure:5823: $? = 0
configure:5833: result: yes
configure:5840: checking whether g++ supports -Wshadow=compatible-local, for CXXFLAGS
configure:5868: g++ -c -Wall -Wpointer-arith -Wendif-labels -Wmissing-format-attribute -Wimplicit-fallthrough=3 -Wcast-function-type -Wshadow=compatible-local  -D_GNU_SOURCE conftest.cpp >&5
configure:5868: $? = 0
configure:5884: result: yes
configure:5893: checking whether gcc supports -Wformat-security, for CFLAGS
configure:5915: gcc -c -Wall -Wmissing-prototypes -Wpointer-arith -Wdeclaration-after-statement -Werror=vla -Wendif-labels -Wmissing-format-attribute -Wimplicit-fallthrough=3 -Wcast-function-type -Wshadow=compatible-local -Wformat-security  -D_GNU_SOURCE conftest.c >&5
configure:5915: $? = 0
configure:5925: result: yes
configure:5932: checking whether g++ supports -Wformat-security, for CXXFLAGS
configure:5960: g++ -c -Wall -Wpointer-arith -Wendif-labels -Wmissing-format-attribute -Wimplicit-fallthrough=3 -Wcast-function-type -Wshadow=compatible-local -Wformat-security  -D_GNU_SOURCE conftest.cpp >&5
configure:5960: $? = 0
configure:5976: result: yes
configure:5987: checking whether gcc supports -Wmissing-variable-declarations, for CFLAGS
configure:6009: gcc -c -Wall -Wmissing-prototypes -Wpointer-arith -Wdeclaration-after-statement -Werror=vla -Wendif-labels -Wmissing-format-attribute -Wimplicit-fallthrough=3 -Wcast-function-type -Wshadow=compatible-local -Wformat-security -Wmissing-variable-declarations  -D_GNU_SOURCE conftest.c >&5
gcc: error: unrecognized command-line option '-Wmissing-variable-declarations'; did you mean '-Wmissing-declarations'?
configure:6009: $? = 1
configure: failed program was:
| /* confdefs.h */
| #define PACKAGE_NAME "PostgreSQL"
| #define PACKAGE_TARNAME "postgresql"
| #define PACKAGE_VERSION "19devel"
| #define PACKAGE_STRING "PostgreSQL 19devel"
| #define PACKAGE_BUGREPORT "pgsql-bugs@lists.postgresql.org"
| #define PACKAGE_URL "https://www.postgresql.org/"
| #define CONFIGURE_ARGS " '--prefix=/tmp/pg_install' '--enable-cassert' '--without-readline'"
| #define PG_MAJORVERSION "19"
| #define PG_MAJORVERSION_NUM 19
| #define PG_MINORVERSION_NUM 0
| #define PG_VERSION "19devel"
| #define DEF_PGPORT 5432
| #define DEF_PGPORT_STR "5432"
| #define BLCKSZ 8192
| #define RELSEG_SIZE 131072
| #define XLOG_BLCKSZ 8192
| /* end confdefs.h.  */
| 
| int
| main ()
| {
| 
|   ;
|   return 0;
| }
configure:6019: result: no
configure:6033: checking whether gcc supports -fno-strict-aliasing, for CFLAGS
configure:6055: gcc -c -Wall -Wmissing-prototypes -Wpointer-arith -Wdeclaration-after-statement -Werror=vla -Wendif-labels -Wmissing-format-attribute -Wimplicit-fallthrough=3 -Wcast-function-type -Wshadow=compatible-local -Wformat-security -fno-strict-aliasing  -D_GNU_SOURCE conftest.c >&5
configure:6055: $? = 0
configure:6065: result: yes
configure:6072: checking whether g++ supports -fno-strict-aliasing, for CXXFLAGS
configure:6100: g++ -c -Wall -Wpointer-arith -Wendif-labels -Wmissing-format-attribute -Wimplicit-fallthrough=3 -Wcast-function-type -Wshadow=compatible-local -Wformat-security -fno-strict-aliasing  -D_GNU_SOURCE conftest.cpp >&5
configure:6100: $? = 0
configure:6116: result: yes
configure:6125: checking whether gcc supports -fwrapv, for CFLAGS
configure:6147: gcc -c -Wall -Wmissing-prototypes -Wpointer-arith -Wdeclaration-after-statement -Werror=vla -Wendif-labels -Wmissing-format-attribute -Wimplicit-fallthrough=3 -Wcast-function-type -Wshadow=compatible-local -Wformat-security -fno-strict-aliasing -fwrapv  -D_GNU_SOURCE conftest.c >&5
configure:6147: $? = 0
configure:6157: result: yes
configure:6164: checking whether g++ supports -fwrapv, for CXXFLAGS
configure:6192: g++ -c -Wall -Wpointer-arith -Wendif-labels -Wmissing-format-attribute -Wimplicit-fallthrough=3 -Wcast-function-type -Wshadow=compatible-local -Wformat-security -fno-strict-aliasing -fwrapv  -D_GNU_SOURCE conftest.cpp >&5
configure:6192: $? = 0
configure:6208: result: yes
configure:6217: checking whether gcc supports -fexcess-precision=standard, for CFLAGS
configure:6239: gcc -c -Wall -Wmissing-prototypes -Wpointer-arith -Wdeclaration-after-statement -Werror=vla -Wendif-labels -Wmissing-format-attribute -Wimplicit-fallthrough=3 -Wcast-function-type -Wshadow=compatible-local -Wformat-security -fno-strict-aliasing -fwrapv -fexcess-precision=standard  -D_GNU_SOURCE conftest.c >&5
configure:6239: $? = 0
configure:6249: result: yes
configure:6256: checking whether g++ supports -fexcess-precision=standard, for CXXFLAGS
configure:6284: g++ -c -Wall -Wpointer-arith -Wendif-labels -Wmissing-format-attribute -Wimplicit-fallthrough=3 -Wcast-function-type -Wshadow=compatible-local -Wformat-security -fno-strict-aliasing -fwrapv -fexcess-precision=standard  -D_GNU_SOURCE conftest.cpp >&5
configure:6284: $? = 0
configure:6300: result: yes
configure:6308: checking whether gcc supports -funroll-loops, for CFLAGS_UNROLL_LOOPS
configure:6330: gcc -c  -funroll-loops  -D_GNU_SOURCE conftest.c >&5
configure:6330: $? = 0
configure:6340: result: yes
configure:6348: checking whether gcc supports -ftree-vectorize, for CFLAGS_VECTORIZE
configure:6370: gcc -c  -ftree-vectorize  -D_GNU_SOURCE conftest.c >&5
configure:6370: $? = 0
configure:6380: result: yes
configure:6396: checking whether gcc supports -Wunused-command-line-argument, for NOT_THE_CFLAGS
configure:6418: gcc -c  -Wunused-command-line-argument  -D_GNU_SOURCE conftest.c >&5
gcc: error: unrecognized command-line option '-Wunused-command-line-argument'; did you mean '-Wunused-dummy-argument'?
configure:6418: $? = 1
configure: failed program was:
| /* confdefs.h */
| #define PACKAGE_NAME "PostgreSQL"
| #define PACKAGE_TARNAME "postgresql"
| #define PACKAGE_VERSION "19devel"
| #define PACKAGE_STRING "PostgreSQL 19devel"
| #define PACKAGE_BUGREPORT "pgsql-bugs@lists.postgresql.org"
| #define PACKAGE_URL "https://www.postgresql.org/"
| #define CONFIGURE_ARGS " '--prefix=/tmp/pg_install' '--enable-cassert' '--without-readline'"
| #define PG_MAJORVERSION "19"
| #define PG_MAJORVERSION_NUM 19
| #define PG_MINORVERSION_NUM 0
| #define PG_VERSION "19devel"
| #define DEF_PGPORT 5432
| #define DEF_PGPORT_STR "5432"
| #define BLCKSZ 8192
| #define RELSEG_SIZE 131072
| #define XLOG_BLCKSZ 8192
| /* end confdefs.h.  */
| 
| int
| main ()
| {
| 
|   ;
|   return 0;
| }
configure:6428: result: no
configure:6441: checking whether gcc supports -Wcompound-token-split-by-macro, for NOT_THE_CFLAGS
configure:6463: gcc -c  -Wcompound-token-split-by-macro  -D_GNU_SOURCE conftest.c >&5
gcc: error: unrecognized command-line option '-Wcompound-token-split-by-macro'
configure:6463: $? = 1
configure: failed program was:
| /* confdefs.h */
| #define PACKAGE_NAME "PostgreSQL"
| #define PACKAGE_TARNAME "postgresql"
| #define PACKAGE_VERSION "19devel"
| #define PACKAGE_STRING "PostgreSQL 19devel"
| #define PACKAGE_BUGREPORT "pgsql-bugs@lists.postgresql.org"
| #define PACKAGE_URL "https://www.postgresql.org/"
| #define CONFIGURE_ARGS " '--prefix=/tmp/pg_install' '--enable-cassert' '--without-readline'"
| #define PG_MAJORVERSION "19"
| #define PG_MAJORVERSION_NUM 19
| #define PG_MINORVERSION_NUM 0
| #define PG_VERSION "19devel"
| #define DEF_PGPORT 5432
| #define DEF_PGPORT_STR "5432"
| #define BLCKSZ 8192
| #define RELSEG_SIZE 131072
| #define XLOG_BLCKSZ 8192
| /* end confdefs.h.  */
| 
| int
| main ()
| {
| 
|   ;
|   return 0;
| }
configure:6473: result: no
configure:6485: checking whether gcc supports -Wformat-truncation, for NOT_THE_CFLAGS
configure:6507: gcc -c  -Wformat-truncation  -D_GNU_SOURCE conftest.c >&5
configure:6507: $? = 0
configure:6517: result: yes
configure:6528: checking whether gcc supports -Wstringop-truncation, for NOT_THE_CFLAGS
configure:6550: gcc -c  -Wstringop-truncation  -D_GNU_SOURCE conftest.c >&5
configure:6550: $? = 0
configure:6560: result: yes
configure:6572: checking whether gcc supports -Wcast-function-type-strict, for NOT_THE_CFLAGS
configure:6594: gcc -c  -Wcast-function-type-strict  -D_GNU_SOURCE conftest.c >&5
gcc: error: unrecognized command-line option '-Wcast-function-type-strict'; did you mean '-Wcast-function-type'?
configure:6594: $? = 1
configure: failed program was:
| /* confdefs.h */
| #define PACKAGE_NAME "PostgreSQL"
| #define PACKAGE_TARNAME "postgresql"
| #define PACKAGE_VERSION "19devel"
| #define PACKAGE_STRING "PostgreSQL 19devel"
| #define PACKAGE_BUGREPORT "pgsql-bugs@lists.postgresql.org"
| #define PACKAGE_URL "https://www.postgresql.org/"
| #define CONFIGURE_ARGS " '--prefix=/tmp/pg_install' '--enable-cassert' '--without-readline'"
| #define PG_MAJORVERSION "19"
| #define PG_MAJORVERSION_NUM 19
| #define PG_MINORVERSION_NUM 0
| #define PG_VERSION "19devel"
| #define DEF_PGPORT 5432
| #define DEF_PGPORT_STR "5432"
| #define BLCKSZ 8192
| #define RELSEG_SIZE 131072
| #define XLOG_BLCKSZ 8192
| /* end confdefs.h.  */
| 
| int
| main ()
| {
| 
|   ;
|   return 0;
| }
configure:6604: result: no
configure:6813: checking whether gcc supports -fvisibility=hidden, for CFLAGS_SL_MODULE
configure:6835: gcc -c  -fvisibility=hidden  -D_GNU_SOURCE conftest.c >&5
configure:6835: $? = 0
configure:6845: result: yes
configure:6853: checking whether g++ supports -fvisibility=hidden, for CXXFLAGS_SL_MODULE
configure:6881: g++ -c  -fvisibility=hidden  -D_GNU_SOURCE conftest.cpp >&5
configure:6881: $? = 0
configure:6897: result: yes
configure:6903: checking whether g++ supports -fvisibility-inlines-hidden, for CXXFLAGS_SL_MODULE
configure:6931: g++ -c  -fvisibility=hidden -fvisibility-inlines-hidden  -D_GNU_SOURCE conftest.cpp >&5
configure:6931: $? = 0
configure:6947: result: yes
configure:7575: checking whether the C compiler still works
configure:7588: gcc -o conftest -Wall -Wmissing-prototypes -Wpointer-arith -Wdeclaration-after-statement -Werror=vla -Wendif-labels -Wmissing-format-attribute -Wimplicit-fallthrough=3 -Wcast-function-type -Wshadow=compatible-local -Wformat-security -fno-strict-aliasing -fwrapv -fexcess-precision=standard -Wno-format-truncation -Wno-stringop-truncation -O2  -D_GNU_SOURCE  conftest.c  >&5
configure:7588: $? = 0
configure:7589: result: yes
configure:7614: gcc -c -Wall -Wmissing-prototypes -Wpointer-arith -Wdeclaration-after-statement -Werror=vla -Wendif-labels -Wmissing-format-attribute -Wimplicit-fallthrough=3 -Wcast-function-type -Wshadow=compatible-local -Wformat-security -fno-strict-aliasing -fwrapv -fexcess-precision=standard -Wno-format-truncation -Wno-stringop-truncation -O2  -D_GNU_SOURCE conftest.c >&5
configure:7614: $? = 0
configure:7660: checking how to run the C preprocessor
configure:7691: gcc -E  -D_GNU_SOURCE conftest.c
configure:7691: $? = 0
configure:7705: gcc -E  -D_GNU_SOURCE conftest.c
conftest.c:20:10: fatal error: ac_nonexistent.h: No such file or directory
   20 | #include <ac_nonexistent.h>
      |          ^~~~~~~~~~~~~~~~~~
compilation terminated.
configure:7705: $? = 1
configure: failed program was:
| /* confdefs.h */
| #define PACKAGE_NAME "PostgreSQL"
| #define PACKAGE_TARNAME "postgresql"
| #define PACKAGE_VERSION "19devel"
| #define PACKAGE_STRING "PostgreSQL 19devel"
| #define PACKAGE_BUGREPORT "pgsql-bugs@lists.postgresql.org"
| #define PACKAGE_URL "https://www.postgresql.org/"
| #define CONFIGURE_ARGS " '--prefix=/tmp/pg_install' '--enable-cassert' '--without-readline'"
| #define PG_MAJORVERSION "19"
| #define PG_MAJORVERSION_NUM 19
| #define PG_MINORVERSION_NUM 0
| #define PG_VERSION "19devel"
| #define DEF_PGPORT 5432
| #define DEF_PGPORT_STR "5432"
| #define BLCKSZ 8192
| #define RELSEG_SIZE 131072
| #define XLOG_BLCKSZ 8192
| #define HAVE_VISIBILITY_ATTRIBUTE 1
| /* end confdefs.h.  */
| #include <ac_nonexistent.h>
configure:7730: result: gcc -E
configure:7750: gcc -E  -D_GNU_SOURCE conftest.c
configure:7750: $? = 0
configure:7764: gcc -E  -D_GNU_SOURCE conftest.c
conftest.c:20:10: fatal error: ac_nonexistent.h: No such file or directory
   20 | #include <ac_nonexistent.h>
      |          ^~~~~~~~~~~~~~~~~~
compilation terminated.
configure:7764: $? = 1
configure: failed program was:
| /* confdefs.h */
| #define PACKAGE_NAME "PostgreSQL"
| #define PACKAGE_TARNAME "postgresql"
| #define PACKAGE_VERSION "19devel"
| #define PACKAGE_STRING "PostgreSQL 19devel"
| #define PACKAGE_BUGREPORT "pgsql-bugs@lists.postgresql.org"
| #define PACKAGE_URL "https://www.postgresql.org/"
| #define CONFIGURE_ARGS " '--prefix=/tmp/pg_install' '--enable-cassert' '--without-readline'"
| #define PG_MAJORVERSION "19"
| #define PG_MAJORVERSION_NUM 19
| #define PG_MINORVERSION_NUM 0
| #define PG_VERSION "19devel"
| #define DEF_PGPORT 5432
| #define DEF_PGPORT_STR "5432"
| #define BLCKSZ 8192
| #define RELSEG_SIZE 131072
| #define XLOG_BLCKSZ 8192
| #define HAVE_VISIBILITY_ATTRIBUTE 1
| /* end confdefs.h.  */
| #include <ac_nonexistent.h>
configure:7858: checking for pkg-config
configure:7876: found /usr/bin/pkg-config
configure:7888: result: /usr/bin/pkg-config
configure:7913: checking pkg-config is at least version 0.9.0
configure:7916: result: yes
configure:8020: checking whether to build with ICU support
configure:8050: result: yes
configure:8057: checking for icu-uc icu-i18n
configure:8064: $PKG_CONFIG --exists --print-errors "icu-uc icu-i18n"
configure:8067: $? = 0
configure:8081: $PKG_CONFIG --exists --print-errors "icu-uc icu-i18n"
configure:8084: $? = 0
configure:8142: result: yes
configure:8151: checking whether to build with Tcl
configure:8177: result: no
configure:8209: checking whether to build Perl modules
configure:8235: result: no
configure:8242: checking whether to build Python modules
configure:8268: result: no
configure:8275: checking whether to build with GSSAPI support
configure:8306: result: no
configure:8351: checking whether to build with PAM support
configure:8379: result: no
configure:8386: checking whether to build with BSD Authentication support
configure:8414: result: no
configure:8421: checking whether to build with LDAP support
configure:8449: result: no
configure:8457: checking whether to build with Bonjour support
configure:8485: result: no
configure:8492: checking whether to build with SELinux support
configure:8519: result: no
configure:8525: checking whether to build with systemd support
configure:8554: result: no
configure:8628: checking whether to build with liburing support
configure:8656: result: no
configure:8837: checking whether to build with libcurl support
configure:8865: result: no
configure:8996: checking whether to build with libnuma support
configure:9024: result: no
configure:9172: checking whether to build with XML support
configure:9200: result: no
configure:9446: checking whether to build with LZ4 support
configure:9474: result: no
configure:9587: checking whether to build with ZSTD support
configure:9615: result: no
configure:9778: checking for strip
configure:9794: found /usr/bin/strip
configure:9805: result: strip
configure:9828: checking whether it is possible to strip libraries
configure:9833: result: yes
configure:9898: checking for ar
configure:9914: found /usr/bin/ar
configure:9925: result: ar
configure:10056: checking for a BSD-compatible install
configure:10124: result: /usr/bin/install -c
configure:10149: checking for tar
configure:10167: found /usr/bin/tar
configure:10179: result: /usr/bin/tar
configure:10198: checking whether ln -s works
configure:10202: result: yes
configure:10209: checking for a thread-safe mkdir -p
configure:10248: result: /usr/bin/mkdir -p
configure:10260: checking for nm
configure:10278: found /usr/bin/nm
configure:10290: result: /usr/bin/nm
configure:10304: checking for bison
configure:10322: found /usr/bin/bison
configure:10334: result: /usr/bin/bison
configure:10356: using bison (GNU Bison) 3.8.2
configure:10384: checking for flex
configure:10402: found /usr/bin/flex
configure:10414: result: /usr/bin/flex
configure:10438: using flex 2.6.4
configure:10450: checking for perl
configure:10468: found /usr/bin/perl
configure:10480: result: /usr/bin/perl
configure:10502: using perl 5.38.2
configure:10860: checking for a sed that does not truncate output
configure:10924: result: /usr/bin/sed
configure:10930: checking for grep that handles long lines and -e
configure:10988: result: /usr/bin/grep
configure:10993: checking for egrep
configure:11055: result: /usr/bin/grep -E
configure:11060: checking for ANSI C header files
configure:11080: gcc -c -Wall -Wmissing-prototypes -Wpointer-arith -Wdeclaration-after-statement -Werror=vla -Wendif-labels -Wmissing-format-attribute -Wimplicit-fallthrough=3 -Wcast-function-type -Wshadow=compatible-local -Wformat-security -fno-strict-aliasing -fwrapv -fexcess-precision=standard -Wno-format-truncation -Wno-stringop-truncation -O2  -D_GNU_SOURCE  conftest.c >&5
configure:11080: $? = 0
configure:11153: gcc -o conftest -Wall -Wmissing-prototypes -Wpointer-arith -Wdeclaration-after-statement -Werror=vla -Wendif-labels -Wmissing-format-attribute -Wimplicit-fallthrough=3 -Wcast-function-type -Wshadow=compatible-local -Wformat-security -fno-strict-aliasing -fwrapv -fexcess-precision=standard -Wno-format-truncation -Wno-stringop-truncation -O2  -D_GNU_SOURCE    conftest.c  >&5
configure:11153: $? = 0
configure:11153: ./conftest
configure:11153: $? = 0
configure:11164: result: yes
configure:11177: checking for sys/types.h
configure:11177: gcc -c -Wall -Wmissing-prototypes -Wpointer-arith -Wdeclaration-after-statement -Werror=vla -Wendif-labels -Wmissing-format-attribute -Wimplicit-fallthrough=3 -Wcast-function-type -Wshadow=compatible-local -Wformat-security -fno-strict-aliasing -fwrapv -fexcess-precision=standard -Wno-format-truncation -Wno-stringop-truncation -O2  -D_GNU_SOURCE  conftest.c >&5
configure:11177: $? = 0
configure:11177: result: yes
configure:11177: checking for sys/stat.h
configure:11177: gcc -c -Wall -Wmissing-prototypes -Wpointer-arith -Wdeclaration-after-statement -Werror=vla -Wendif-labels -Wmissing-format-attribute -Wimplicit-fallthrough=3 -Wcast-function-type -Wshadow=compatible-local -Wformat-security -fno-strict-aliasing -fwrapv -fexcess-precision=standard -Wno-format-truncation -Wno-stringop-truncation -O2  -D_GNU_SOURCE  conftest.c >&5
configure:11177: $? = 0
configure:11177: result: yes
configure:11177: checking for stdlib.h
configure:11177: gcc -c -Wall -Wmissing-prototypes -Wpointer-arith -Wdeclaration-after-statement -Werror=vla -Wendif-labels -Wmissing-format-attribute -Wimplicit-fallthrough=3 -Wcast-function-type -Wshadow=compatible-local -Wformat-security -fno-strict-aliasing -fwrapv -fexcess-precision=standard -Wno-format-truncation -Wno-stringop-truncation -O2  -D_GNU_SOURCE  conftest.c >&5
configure:11177: $? = 0
configure:11177: result: yes
configure:11177: checking for string.h
configure:11177: gcc -c -Wall -Wmissing-prototypes -Wpointer-arith -Wdeclaration-after-statement -Werror=vla -Wendif-labels -Wmissing-format-attribute -Wimplicit-fallthrough=3 -Wcast-function-type -Wshadow=compatible-local -Wformat-security -fno-strict-aliasing -fwrapv -fexcess-precision=standard -Wno-format-truncation -Wno-stringop-truncation -O2  -D_GNU_SOURCE  conftest.c >&5
configure:11177: $? = 0
configure:11177: result: yes
configure:11177: checking for memory.h
configure:11177: gcc -c -Wall -Wmissing-prototypes -Wpointer-arith -Wdeclaration-after-statement -Werror=vla -Wendif-labels -Wmissing-format-attribute -Wimplicit-fallthrough=3 -Wcast-function-type -Wshadow=compatible-local -Wformat-security -fno-strict-aliasing -fwrapv -fexcess-precision=standard -Wno-format-truncation -Wno-stringop-truncation -O2  -D_GNU_SOURCE  conftest.c >&5
configure:11177: $? = 0
configure:11177: result: yes
configure:11177: checking for strings.h
configure:11177: gcc -c -Wall -Wmissing-prototypes -Wpointer-arith -Wdeclaration-after-statement -Werror=vla -Wendif-labels -Wmissing-format-attribute -Wimplicit-fallthrough=3 -Wcast-function-type -Wshadow=compatible-local -Wformat-security -fno-strict-aliasing -fwrapv -fexcess-precision=standard -Wno-format-truncation -Wno-stringop-truncation -O2  -D_GNU_SOURCE  conftest.c >&5
configure:11177: $? = 0
configure:11177: result: yes
configure:11177: checking for inttypes.h
configure:11177: gcc -c -Wall -Wmissing-prototypes -Wpointer-arith -Wdeclaration-after-statement -Werror=vla -Wendif-labels -Wmissing-format-attribute -Wimplicit-fallthrough=3 -Wcast-function-type -Wshadow=compatible-local -Wformat-security -fno-strict-aliasing -fwrapv -fexcess-precision=standard -Wno-format-truncation -Wno-stringop-truncation -O2  -D_GNU_SOURCE  conftest.c >&5
configure:11177: $? = 0
configure:11177: result: yes
configure:11177: checking for stdint.h
configure:11177: gcc -c -Wall -Wmissing-prototypes -Wpointer-arith -Wdeclaration-after-statement -Werror=vla -Wendif-labels -Wmissing-format-attribute -Wimplicit-fallthrough=3 -Wcast-function-type -Wshadow=compatible-local -Wformat-security -fno-strict-aliasing -fwrapv -fexcess-precision=standard -Wno-format-truncation -Wno-stringop-truncation -O2  -D_GNU_SOURCE  conftest.c >&5
configure:11177: $? = 0
configure:11177: result: yes
configure:11177: checking for unistd.h
configure:11177: gcc -c -Wall -Wmissing-prototypes -Wpointer-arith -Wdeclaration-after-statement -Werror=vla -Wendif-labels -Wmissing-format-attribute -Wimplicit-fallthrough=3 -Wcast-function-type -Wshadow=compatible-local -Wformat-security -fno-strict-aliasing -fwrapv -fexcess-precision=standard -Wno-format-truncation -Wno-stringop-truncation -O2  -D_GNU_SOURCE  conftest.c >&5
configure:11177: $? = 0
configure:11177: result: yes
configure:11374: checking whether gcc is Clang
configure:11399: result: no
configure:11522: checking whether pthreads work with -pthread
configure:11616: gcc -o conftest -Wall -Wmissing-prototypes -Wpointer-arith -Wdeclaration-after-statement -Werror=vla -Wendif-labels -Wmissing-format-attribute -Wimplicit-fallthrough=3 -Wcast-function-type -Wshadow=compatible-local -Wformat-security -fno-strict-aliasing -fwrapv -fexcess-precision=standard -Wno-format-truncation -Wno-stringop-truncation -O2 -pthread  -D_GNU_SOURCE    conftest.c   >&5
configure:11616: $? = 0
configure:11625: result: yes
configure:11644: checking for joinable pthread attribute
configure:11662: gcc -o conftest -Wall -Wmissing-prototypes -Wpointer-arith -Wdeclaration-after-statement -Werror=vla -Wendif-labels -Wmissing-format-attribute -Wimplicit-fallthrough=3 -Wcast-function-type -Wshadow=compatible-local -Wformat-security -fno-strict-aliasing -fwrapv -fexcess-precision=standard -Wno-format-truncation -Wno-stringop-truncation -O2 -pthread  -D_GNU_SOURCE    conftest.c   >&5
configure:11662: $? = 0
configure:11670: result: PTHREAD_CREATE_JOINABLE
configure:11684: checking whether more special flags are required for pthreads
configure:11697: result: no
configure:11705: checking for PTHREAD_PRIO_INHERIT
configure:11721: gcc -o conftest -Wall -Wmissing-prototypes -Wpointer-arith -Wdeclaration-after-statement -Werror=vla -Wendif-labels -Wmissing-format-attribute -Wimplicit-fallthrough=3 -Wcast-function-type -Wshadow=compatible-local -Wformat-security -fno-strict-aliasing -fwrapv -fexcess-precision=standard -Wno-format-truncation -Wno-stringop-truncation -O2 -pthread  -D_GNU_SOURCE    conftest.c   >&5
conftest.c: In function 'main':
conftest.c:38:5: warning: unused variable 'i' [-Wunused-variable]
   38 | int i = PTHREAD_PRIO_INHERIT;
      |     ^
configure:11721: $? = 0
configure:11730: result: yes
configure:11843: checking pthread.h usability
configure:11843: gcc -c -Wall -Wmissing-prototypes -Wpointer-arith -Wdeclaration-after-statement -Werror=vla -Wendif-labels -Wmissing-format-attribute -Wimplicit-fallthrough=3 -Wcast-function-type -Wshadow=compatible-local -Wformat-security -fno-strict-aliasing -fwrapv -fexcess-precision=standard -Wno-format-truncation -Wno-stringop-truncation -O2 -pthread -D_REENTRANT -D_THREAD_SAFE  -D_GNU_SOURCE  conftest.c >&5
configure:11843: $? = 0
configure:11843: result: yes
configure:11843: checking pthread.h presence
configure:11843: gcc -E  -D_GNU_SOURCE  conftest.c
configure:11843: $? = 0
configure:11843: result: yes
configure:11843: checking for pthread.h
configure:11843: result: yes
configure:11855: checking for strerror_r
configure:11855: gcc -o conftest -Wall -Wmissing-prototypes -Wpointer-arith -Wdeclaration-after-statement -Werror=vla -Wendif-labels -Wmissing-format-attribute -Wimplicit-fallthrough=3 -Wcast-function-type -Wshadow=compatible-local -Wformat-security -fno-strict-aliasing -fwrapv -fexcess-precision=standard -Wno-format-truncation -Wno-stringop-truncation -O2 -pthread -D_REENTRANT -D_THREAD_SAFE  -D_GNU_SOURCE    conftest.c   >&5
configure:11855: $? = 0
configure:11855: result: yes
configure:11866: checking whether strerror_r returns int
configure:11885: gcc -c -Wall -Wmissing-prototypes -Wpointer-arith -Wdeclaration-after-statement -Werror=vla -Wendif-labels -Wmissing-format-attribute -Wimplicit-fallthrough=3 -Wcast-function-type -Wshadow=compatible-local -Wformat-security -fno-strict-aliasing -fwrapv -fexcess-precision=standard -Wno-format-truncation -Wno-stringop-truncation -O2 -pthread -D_REENTRANT -D_THREAD_SAFE  -D_GNU_SOURCE  conftest.c >&5
conftest.c: In function 'main':
conftest.c:42:11: error: switch quantity not an integer
   42 |   switch (strerror_r(1, buf, sizeof(buf)))
      |           ^~~~~~~~~~
configure:11885: $? = 1
configure: failed program was:
| /* confdefs.h */
| #define PACKAGE_NAME "PostgreSQL"
| #define PACKAGE_TARNAME "postgresql"
| #define PACKAGE_VERSION "19devel"
| #define PACKAGE_STRING "PostgreSQL 19devel"
| #define PACKAGE_BUGREPORT "pgsql-bugs@lists.postgresql.org"
| #define PACKAGE_URL "https://www.postgresql.org/"
| #define CONFIGURE_ARGS " '--prefix=/tmp/pg_install' '--enable-cassert' '--without-readline'"
| #define PG_MAJORVERSION "19"
| #define PG_MAJORVERSION_NUM 19
| #define PG_MINORVERSION_NUM 0
| #define PG_VERSION "19devel"
| #define DEF_PGPORT 5432
| #define DEF_PGPORT_STR "5432"
| #define BLCKSZ 8192
| #define RELSEG_SIZE 131072
| #define XLOG_BLCKSZ 8192
| #define HAVE_VISIBILITY_ATTRIBUTE 1
| #define DLSUFFIX ".so"
| #define USE_ASSERT_CHECKING 1
| #define USE_ICU 1
| #define PG_KRB_SRVNAM "postgres"
| #define STDC_HEADERS 1
| #define HAVE_SYS_TYPES_H 1
| #define HAVE_SYS_STAT_H 1
| #define HAVE_STDLIB_H 1
| #define HAVE_STRING_H 1
| #define HAVE_MEMORY_H 1
| #define HAVE_STRINGS_H 1
| #define HAVE_INTTYPES_H 1
| #define HAVE_STDINT_H 1
| #define HAVE_UNISTD_H 1
| #define HAVE_PTHREAD_PRIO_INHERIT 1
| #define HAVE_PTHREAD 1
| #define HAVE_STRERROR_R 1
| /* end confdefs.h.  */
| #include <string.h>
| int
| main ()
| {
| char buf[100];
|   switch (strerror_r(1, buf, sizeof(buf)))
|   { case 0: break; default: break; }
| 
|   ;
|   return 0;
| }
configure:11892: result: no
configure:11926: checking for main in -lm
configure:11945: gcc -o conftest -Wall -Wmissing-prototypes -Wpointer-arith -Wdeclaration-after-statement -Werror=vla -Wendif-labels -Wmissing-format-attribute -Wimplicit-fallthrough=3 -Wcast-function-type -Wshadow=compatible-local -Wformat-security -fno-strict-aliasing -fwrapv -fexcess-precision=standard -Wno-format-truncation -Wno-stringop-truncation -O2  -D_GNU_SOURCE    conftest.c -lm   >&5
conftest.c: In function 'main':
conftest.c:40:1: warning: infinite recursion detected [-Winfinite-recursion]
   40 | main ()
      | ^~~~
conftest.c:42:8: note: recursive call
   42 | return main ();
      |        ^~~~~~~
configure:11945: $? = 0
configure:11954: result: yes
configure:11965: checking for library containing setproctitle
configure:11996: gcc -o conftest -Wall -Wmissing-prototypes -Wpointer-arith -Wdeclaration-after-statement -Werror=vla -Wendif-labels -Wmissing-format-attribute -Wimplicit-fallthrough=3 -Wcast-function-type -Wshadow=compatible-local -Wformat-security -fno-strict-aliasing -fwrapv -fexcess-precision=standard -Wno-format-truncation -Wno-stringop-truncation -O2  -D_GNU_SOURCE    conftest.c -lm  >&5
/usr/bin/ld: /tmp/cc3CfYpi.o: in function `main':
conftest.c:(.text.startup+0xb): undefined reference to `setproctitle'
collect2: error: ld returned 1 exit status
configure:11996: $? = 1
configure: failed program was:
| /* confdefs.h */
| #define PACKAGE_NAME "PostgreSQL"
| #define PACKAGE_TARNAME "postgresql"
| #define PACKAGE_VERSION "19devel"
| #define PACKAGE_STRING "PostgreSQL 19devel"
| #define PACKAGE_BUGREPORT "pgsql-bugs@lists.postgresql.org"
| #define PACKAGE_URL "https://www.postgresql.org/"
| #define CONFIGURE_ARGS " '--prefix=/tmp/pg_install' '--enable-cassert' '--without-readline'"
| #define PG_MAJORVERSION "19"
| #define PG_MAJORVERSION_NUM 19
| #define PG_MINORVERSION_NUM 0
| #define PG_VERSION "19devel"
| #define DEF_PGPORT 5432
| #define DEF_PGPORT_STR "5432"
| #define BLCKSZ 8192
| #define RELSEG_SIZE 131072
| #define XLOG_BLCKSZ 8192
| #define HAVE_VISIBILITY_ATTRIBUTE 1
| #define DLSUFFIX ".so"
| #define USE_ASSERT_CHECKING 1
| #define USE_ICU 1
| #define PG_KRB_SRVNAM "postgres"
| #define STDC_HEADERS 1
| #define HAVE_SYS_TYPES_H 1
| #define HAVE_SYS_STAT_H 1
| #define HAVE_STDLIB_H 1
| #define HAVE_STRING_H 1
| #define HAVE_MEMORY_H 1
| #define HAVE_STRINGS_H 1
| #define HAVE_INTTYPES_H 1
| #define HAVE_STDINT_H 1
| #define HAVE_UNISTD_H 1
| #define HAVE_PTHREAD_PRIO_INHERIT 1
| #define HAVE_PTHREAD 1
| #define HAVE_STRERROR_R 1
| #define HAVE_LIBM 1
| /* end confdefs.h.  */
| 
| /* Override any GCC internal prototype to avoid an error.
|    Use char because int might match the return type of a GCC
|    builtin and then its argument prototype would still apply.  */
| #ifdef __cplusplus
| extern "C"
| #endif
| char setproctitle ();
| int
| main ()
| {
| return setproctitle ();
|   ;
|   return 0;
| }
configure:11996: gcc -o conftest -Wall -Wmissing-prototypes -Wpointer-arith -Wdeclaration-after-statement -Werror=vla -Wendif-labels -Wmissing-format-attribute -Wimplicit-fallthrough=3 -Wcast-function-type -Wshadow=compatible-local -Wformat-security -fno-strict-aliasing -fwrapv -fexcess-precision=standard -Wno-format-truncation -Wno-stringop-truncation -O2  -D_GNU_SOURCE    conftest.c -lutil  -lm  >&5
/usr/bin/ld: /tmp/ccbfWkar.o: in function `main':
conftest.c:(.text.startup+0xb): undefined reference to `setproctitle'
collect2: error: ld returned 1 exit status
configure:11996: $? = 1
configure: failed program was:
| /* confdefs.h */
| #define PACKAGE_NAME "PostgreSQL"
| #define PACKAGE_TARNAME "postgresql"
| #define PACKAGE_VERSION "19devel"
| #define PACKAGE_STRING "PostgreSQL 19devel"
| #define PACKAGE_BUGREPORT "pgsql-bugs@lists.postgresql.org"
| #define PACKAGE_URL "https://www.postgresql.org/"
| #define CONFIGURE_ARGS " '--prefix=/tmp/pg_install' '--enable-cassert' '--without-readline'"
| #define PG_MAJORVERSION "19"
| #define PG_MAJORVERSION_NUM 19
| #define PG_MINORVERSION_NUM 0
| #define PG_VERSION "19devel"
| #define DEF_PGPORT 5432
| #define DEF_PGPORT_STR "5432"
| #define BLCKSZ 8192
| #define RELSEG_SIZE 131072
| #define XLOG_BLCKSZ 8192
| #define HAVE_VISIBILITY_ATTRIBUTE 1
| #define DLSUFFIX ".so"
| #define USE_ASSERT_CHECKING 1
| #define USE_ICU 1
| #define PG_KRB_SRVNAM "postgres"
| #define STDC_HEADERS 1
| #define HAVE_SYS_TYPES_H 1
| #define HAVE_SYS_STAT_H 1
| #define HAVE_STDLIB_H 1
| #define HAVE_STRING_H 1
| #define HAVE_MEMORY_H 1
| #define HAVE_STRINGS_H 1
| #define HAVE_INTTYPES_H 1
| #define HAVE_STDINT_H 1
| #define HAVE_UNISTD_H 1
| #define HAVE_PTHREAD_PRIO_INHERIT 1
| #define HAVE_PTHREAD 1
| #define HAVE_STRERROR_R 1
| #define HAVE_LIBM 1
| /* end confdefs.h.  */
| 
| /* Override any GCC internal prototype to avoid an error.
|    Use char because int might match the return type of a GCC
|    builtin and then its argument prototype would still apply.  */
| #ifdef __cplusplus
| extern "C"
| #endif
| char setproctitle ();
| int
| main ()
| {
| return setproctitle ();
|   ;
|   return 0;
| }
configure:12013: result: no
configure:12024: checking for library containing dlsym
configure:12055: gcc -o conftest -Wall -Wmissing-prototypes -Wpointer-arith -Wdeclaration-after-statement -Werror=vla -Wendif-labels -Wmissing-format-attribute -Wimplicit-fallthrough=3 -Wcast-function-type -Wshadow=compatible-local -Wformat-security -fno-strict-aliasing -fwrapv -fexcess-precision=standard -Wno-format-truncation -Wno-stringop-truncation -O2  -D_GNU_SOURCE    conftest.c -lm  >&5
configure:12055: $? = 0
configure:12072: result: none required
configure:12080: checking for library containing socket
configure:12111: gcc -o conftest -Wall -Wmissing-prototypes -Wpointer-arith -Wdeclaration-after-statement -Werror=vla -Wendif-labels -Wmissing-format-attribute -Wimplicit-fallthrough=3 -Wcast-function-type -Wshadow=compatible-local -Wformat-security -fno-strict-aliasing -fwrapv -fexcess-precision=standard -Wno-format-truncation -Wno-stringop-truncation -O2  -D_GNU_SOURCE    conftest.c -lm  >&5
configure:12111: $? = 0
configure:12128: result: none required
configure:12136: checking for library containing getopt_long
configure:12167: gcc -o conftest -Wall -Wmissing-prototypes -Wpointer-arith -Wdeclaration-after-statement -Werror=vla -Wendif-labels -Wmissing-format-attribute -Wimplicit-fallthrough=3 -Wcast-function-type -Wshadow=compatible-local -Wformat-security -fno-strict-aliasing -fwrapv -fexcess-precision=standard -Wno-format-truncation -Wno-stringop-truncation -O2  -D_GNU_SOURCE    conftest.c -lm  >&5
configure:12167: $? = 0
configure:12184: result: none required
configure:12192: checking for library containing shm_open
configure:12223: gcc -o conftest -Wall -Wmissing-prototypes -Wpointer-arith -Wdeclaration-after-statement -Werror=vla -Wendif-labels -Wmissing-format-attribute -Wimplicit-fallthrough=3 -Wcast-function-type -Wshadow=compatible-local -Wformat-security -fno-strict-aliasing -fwrapv -fexcess-precision=standard -Wno-format-truncation -Wno-stringop-truncation -O2  -D_GNU_SOURCE    conftest.c -lm  >&5
configure:12223: $? = 0
configure:12240: result: none required
configure:12248: checking for library containing shm_unlink
configure:12279: gcc -o conftest -Wall -Wmissing-prototypes -Wpointer-arith -Wdeclaration-after-statement -Werror=vla -Wendif-labels -Wmissing-format-attribute -Wimplicit-fallthrough=3 -Wcast-function-type -Wshadow=compatible-local -Wformat-security -fno-strict-aliasing -fwrapv -fexcess-precision=standard -Wno-format-truncation -Wno-stringop-truncation -O2  -D_GNU_SOURCE    conftest.c -lm  >&5
configure:12279: $? = 0
configure:12296: result: none required
configure:12304: checking for library containing clock_gettime
configure:12335: gcc -o conftest -Wall -Wmissing-prototypes -Wpointer-arith -Wdeclaration-after-statement -Werror=vla -Wendif-labels -Wmissing-format-attribute -Wimplicit-fallthrough=3 -Wcast-function-type -Wshadow=compatible-local -Wformat-security -fno-strict-aliasing -fwrapv -fexcess-precision=standard -Wno-format-truncation -Wno-stringop-truncation -O2  -D_GNU_SOURCE    conftest.c -lm  >&5
configure:12335: $? = 0
configure:12352: result: none required
configure:12361: checking for library containing shmget
configure:12392: gcc -o conftest -Wall -Wmissing-prototypes -Wpointer-arith -Wdeclaration-after-statement -Werror=vla -Wendif-labels -Wmissing-format-attribute -Wimplicit-fallthrough=3 -Wcast-function-type -Wshadow=compatible-local -Wformat-security -fno-strict-aliasing -fwrapv -fexcess-precision=standard -Wno-format-truncation -Wno-stringop-truncation -O2  -D_GNU_SOURCE    conftest.c -lm  >&5
configure:12392: $? = 0
configure:12409: result: none required
configure:12418: checking for library containing backtrace_symbols
configure:12449: gcc -o conftest -Wall -Wmissing-prototypes -Wpointer-arith -Wdeclaration-after-statement -Werror=vla -Wendif-labels -Wmissing-format-attribute -Wimplicit-fallthrough=3 -Wcast-function-type -Wshadow=compatible-local -Wformat-security -fno-strict-aliasing -fwrapv -fexcess-precision=standard -Wno-format-truncation -Wno-stringop-truncation -O2  -D_GNU_SOURCE    conftest.c -lm  >&5
configure:12449: $? = 0
configure:12466: result: none required
configure:12475: checking for library containing pthread_barrier_wait
configure:12506: gcc -o conftest -Wall -Wmissing-prototypes -Wpointer-arith -Wdeclaration-after-statement -Werror=vla -Wendif-labels -Wmissing-format-attribute -Wimplicit-fallthrough=3 -Wcast-function-type -Wshadow=compatible-local -Wformat-security -fno-strict-aliasing -fwrapv -fexcess-precision=standard -Wno-format-truncation -Wno-stringop-truncation -O2  -D_GNU_SOURCE    conftest.c -lm  >&5
configure:12506: $? = 0
configure:12523: result: none required
configure:12612: checking for inflate in -lz
configure:12637: gcc -o conftest -Wall -Wmissing-prototypes -Wpointer-arith -Wdeclaration-after-statement -Werror=vla -Wendif-labels -Wmissing-format-attribute -Wimplicit-fallthrough=3 -Wcast-function-type -Wshadow=compatible-local -Wformat-security -fno-strict-aliasing -fwrapv -fexcess-precision=standard -Wno-format-truncation -Wno-stringop-truncation -O2  -D_GNU_SOURCE    conftest.c -lz  -lm  >&5
configure:12637: $? = 0
configure:12646: result: yes
configure:13767: checking copyfile.h usability
configure:13767: gcc -c -Wall -Wmissing-prototypes -Wpointer-arith -Wdeclaration-after-statement -Werror=vla -Wendif-labels -Wmissing-format-attribute -Wimplicit-fallthrough=3 -Wcast-function-type -Wshadow=compatible-local -Wformat-security -fno-strict-aliasing -fwrapv -fexcess-precision=standard -Wno-format-truncation -Wno-stringop-truncation -O2  -D_GNU_SOURCE  conftest.c >&5
conftest.c:72:10: fatal error: copyfile.h: No such file or directory
   72 | #include <copyfile.h>
      |          ^~~~~~~~~~~~
compilation terminated.
configure:13767: $? = 1
configure: failed program was:
| /* confdefs.h */
| #define PACKAGE_NAME "PostgreSQL"
| #define PACKAGE_TARNAME "postgresql"
| #define PACKAGE_VERSION "19devel"
| #define PACKAGE_STRING "PostgreSQL 19devel"
| #define PACKAGE_BUGREPORT "pgsql-bugs@lists.postgresql.org"
| #define PACKAGE_URL "https://www.postgresql.org/"
| #define CONFIGURE_ARGS " '--prefix=/tmp/pg_install' '--enable-cassert' '--without-readline'"
| #define PG_MAJORVERSION "19"
| #define PG_MAJORVERSION_NUM 19
| #define PG_MINORVERSION_NUM 0
| #define PG_VERSION "19devel"
| #define DEF_PGPORT 5432
| #define DEF_PGPORT_STR "5432"
| #define BLCKSZ 8192
| #define RELSEG_SIZE 131072
| #define XLOG_BLCKSZ 8192
| #define HAVE_VISIBILITY_ATTRIBUTE 1
| #define DLSUFFIX ".so"
| #define USE_ASSERT_CHECKING 1
| #define USE_ICU 1
| #define PG_KRB_SRVNAM "postgres"
| #define STDC_HEADERS 1
| #define HAVE_SYS_TYPES_H 1
| #define HAVE_SYS_STAT_H 1
| #define HAVE_STDLIB_H 1
| #define HAVE_STRING_H 1
| #define HAVE_MEMORY_H 1
| #define HAVE_STRINGS_H 1
| #define HAVE_INTTYPES_H 1
| #define HAVE_STDINT_H 1
| #define HAVE_UNISTD_H 1
| #define HAVE_PTHREAD_PRIO_INHERIT 1
| #define HAVE_PTHREAD 1
| #define HAVE_STRERROR_R 1
| #define HAVE_LIBM 1
| #define HAVE_LIBZ 1
| /* end confdefs.h.  */
| #include <stdio.h>
| #ifdef HAVE_SYS_TYPES_H
| # include <sys/types.h>
| #endif
| #ifdef HAVE_SYS_STAT_H
| # include <sys/stat.h>
| #endif
| #ifdef STDC_HEADERS
| # include <stdlib.h>
| # include <stddef.h>
| #else
| # ifdef HAVE_STDLIB_H
| #  include <stdlib.h>
| # endif
| #endif
| #ifdef HAVE_STRING_H
| # if !defined STDC_HEADERS && defined HAVE_MEMORY_H
| #  include <memory.h>
| # endif
| # include <string.h>
| #endif
| #ifdef HAVE_STRINGS_H
| # include <strings.h>
| #endif
| #ifdef HAVE_INTTYPES_H
| # include <inttypes.h>
| #endif
| #ifdef HAVE_STDINT_H
| # include <stdint.h>
| #endif
| #ifdef HAVE_UNISTD_H
| # include <unistd.h>
| #endif
| #include <copyfile.h>
configure:13767: result: no
configure:13767: checking copyfile.h presence
configure:13767: gcc -E  -D_GNU_SOURCE  conftest.c
conftest.c:39:10: fatal error: copyfile.h: No such file or directory
   39 | #include <copyfile.h>
      |          ^~~~~~~~~~~~
compilation terminated.
configure:13767: $? = 1
configure: failed program was:
| /* confdefs.h */
| #define PACKAGE_NAME "PostgreSQL"
| #define PACKAGE_TARNAME "postgresql"
| #define PACKAGE_VERSION "19devel"
| #define PACKAGE_STRING "PostgreSQL 19devel"
| #define PACKAGE_BUGREPORT "pgsql-bugs@lists.postgresql.org"
| #define PACKAGE_URL "https://www.postgresql.org/"
| #define CONFIGURE_ARGS " '--prefix=/tmp/pg_install' '--enable-cassert' '--without-readline'"
| #define PG_MAJORVERSION "19"
| #define PG_MAJORVERSION_NUM 19
| #define PG_MINORVERSION_NUM 0
| #define PG_VERSION "19devel"
| #define DEF_PGPORT 5432
| #define DEF_PGPORT_STR "5432"
| #define BLCKSZ 8192
| #define RELSEG_SIZE 131072
| #define XLOG_BLCKSZ 8192
| #define HAVE_VISIBILITY_ATTRIBUTE 1
| #define DLSUFFIX ".so"
| #define USE_ASSERT_CHECKING 1
| #define USE_ICU 1
| #define PG_KRB_SRVNAM "postgres"
| #define STDC_HEADERS 1
| #define HAVE_SYS_TYPES_H 1
| #define HAVE_SYS_STAT_H 1
| #define HAVE_STDLIB_H 1
| #define HAVE_STRING_H 1
| #define HAVE_MEMORY_H 1
| #define HAVE_STRINGS_H 1
| #define HAVE_INTTYPES_H 1
| #define HAVE_STDINT_H 1
| #define HAVE_UNISTD_H 1
| #define HAVE_PTHREAD_PRIO_INHERIT 1
| #define HAVE_PTHREAD 1
| #define HAVE_STRERROR_R 1
| #define HAVE_LIBM 1
| #define HAVE_LIBZ 1
| /* end confdefs.h.  */
| #include <copyfile.h>
configure:13767: result: no
configure:13767: checking for copyfile.h
configure:13767: result: no
configure:13767: checking execinfo.h usability
configure:13767: gcc -c -Wall -Wmissing-prototypes -Wpointer-arith -Wdeclaration-after-statement -Werror=vla -Wendif-labels -Wmissing-format-attribute -Wimplicit-fallthrough=3 -Wcast-function-type -Wshadow=compatible-local -Wformat-security -fno-strict-aliasing -fwrapv -fexcess-precision=standard -Wno-format-truncation -Wno-stringop-truncation -O2  -D_GNU_SOURCE  conftest.c >&5
configure:13767: $? = 0
configure:13767: result: yes
configure:13767: checking execinfo.h presence
configure:13767: gcc -E  -D_GNU_SOURCE  conftest.c
configure:13767: $? = 0
configure:13767: result: yes
configure:13767: checking for execinfo.h
configure:13767: result: yes
configure:13767: checking getopt.h usability
configure:13767: gcc -c -Wall -Wmissing-prototypes -Wpointer-arith -Wdeclaration-after-statement -Werror=vla -Wendif-labels -Wmissing-format-attribute -Wimplicit-fallthrough=3 -Wcast-function-type -Wshadow=compatible-local -Wformat-security -fno-strict-aliasing -fwrapv -fexcess-precision=standard -Wno-format-truncation -Wno-stringop-truncation -O2  -D_GNU_SOURCE  conftest.c >&5
configure:13767: $? = 0
configure:13767: result: yes
configure:13767: checking getopt.h presence
configure:13767: gcc -E  -D_GNU_SOURCE  conftest.c
configure:13767: $? = 0
configure:13767: result: yes
configure:13767: checking for getopt.h
configure:13767: result: yes
configure:13767: checking ifaddrs.h usability
configure:13767: gcc -c -Wall -Wmissing-prototypes -Wpointer-arith -Wdeclaration-after-statement -Werror=vla -Wendif-labels -Wmissing-format-attribute -Wimplicit-fallthrough=3 -Wcast-function-type -Wshadow=compatible-local -Wformat-security -fno-strict-aliasing -fwrapv -fexcess-precision=standard -Wno-format-truncation -Wno-stringop-truncation -O2  -D_GNU_SOURCE  conftest.c >&5
configure:13767: $? = 0
configure:13767: result: yes
configure:13767: checking ifaddrs.h presence
configure:13767: gcc -E  -D_GNU_SOURCE  conftest.c
configure:13767: $? = 0
configure:13767: result: yes
configure:13767: checking for ifaddrs.h
configure:13767: result: yes
configure:13767: checking sys/epoll.h usability
configure:13767: gcc -c -Wall -Wmissing-prototypes -Wpointer-arith -Wdeclaration-after-statement -Werror=vla -Wendif-labels -Wmissing-format-attribute -Wimplicit-fallthrough=3 -Wcast-function-type -Wshadow=compatible-local -Wformat-security -fno-strict-aliasing -fwrapv -fexcess-precision=standard -Wno-format-truncation -Wno-stringop-truncation -O2  -D_GNU_SOURCE  conftest.c >&5
configure:13767: $? = 0
configure:13767: result: yes
configure:13767: checking sys/epoll.h presence
configure:13767: gcc -E  -D_GNU_SOURCE  conftest.c
configure:13767: $? = 0
configure:13767: result: yes
configure:13767: checking for sys/epoll.h
configure:13767: result: yes
configure:13767: checking sys/event.h usability
configure:13767: gcc -c -Wall -Wmissing-prototypes -Wpointer-arith -Wdeclaration-after-statement -Werror=vla -Wendif-labels -Wmissing-format-attribute -Wimplicit-fallthrough=3 -Wcast-function-type -Wshadow=compatible-local -Wformat-security -fno-strict-aliasing -fwrapv -fexcess-precision=standard -Wno-format-truncation -Wno-stringop-truncation -O2  -D_GNU_SOURCE  conftest.c >&5
conftest.c:76:10: fatal error: sys/event.h: No such file or directory
   76 | #include <sys/event.h>
      |          ^~~~~~~~~~~~~
compilation terminated.
configure:13767: $? = 1
configure: failed program was:
| /* confdefs.h */
| #define PACKAGE_NAME "PostgreSQL"
| #define PACKAGE_TARNAME "postgresql"
| #define PACKAGE_VERSION "19devel"
| #define PACKAGE_STRING "PostgreSQL 19devel"
| #define PACKAGE_BUGREPORT "pgsql-bugs@lists.postgresql.org"
| #define PACKAGE_URL "https://www.postgresql.org/"
| #define CONFIGURE_ARGS " '--prefix=/tmp/pg_install' '--enable-cassert' '--without-readline'"
| #define PG_MAJORVERSION "19"
| #define PG_MAJORVERSION_NUM 19
| #define PG_MINORVERSION_NUM 0
| #define PG_VERSION "19devel"
| #define DEF_PGPORT 5432
| #define DEF_PGPORT_STR "5432"
| #define BLCKSZ 8192
| #define RELSEG_SIZE 131072
| #define XLOG_BLCKSZ 8192
| #define HAVE_VISIBILITY_ATTRIBUTE 1
| #define DLSUFFIX ".so"
| #define USE_ASSERT_CHECKING 1
| #define USE_ICU 1
| #define PG_KRB_SRVNAM "postgres"
| #define STDC_HEADERS 1
| #define HAVE_SYS_TYPES_H 1
| #define HAVE_SYS_STAT_H 1
| #define HAVE_STDLIB_H 1
| #define HAVE_STRING_H 1
| #define HAVE_MEMORY_H 1
| #define HAVE_STRINGS_H 1
| #define HAVE_INTTYPES_H 1
| #define HAVE_STDINT_H 1
| #define HAVE_UNISTD_H 1
| #define HAVE_PTHREAD_PRIO_INHERIT 1
| #define HAVE_PTHREAD 1
| #define HAVE_STRERROR_R 1
| #define HAVE_LIBM 1
| #define HAVE_LIBZ 1
| #define HAVE_EXECINFO_H 1
| #define HAVE_GETOPT_H 1
| #define HAVE_IFADDRS_H 1
| #define HAVE_SYS_EPOLL_H 1
| /* end confdefs.h.  */
| #include <stdio.h>
| #ifdef HAVE_SYS_TYPES_H
| # include <sys/types.h>
| #endif
| #ifdef HAVE_SYS_STAT_H
| # include <sys/stat.h>
| #endif
| #ifdef STDC_HEADERS
| # include <stdlib.h>
| # include <stddef.h>
| #else
| # ifdef HAVE_STDLIB_H
| #  include <stdlib.h>
| # endif
| #endif
| #ifdef HAVE_STRING_H
| # if !defined STDC_HEADERS && defined HAVE_MEMORY_H
| #  include <memory.h>
| # endif
| # include <string.h>
| #endif
| #ifdef HAVE_STRINGS_H
| # include <strings.h>
| #endif
| #ifdef HAVE_INTTYPES_H
| # include <inttypes.h>
| #endif
| #ifdef HAVE_STDINT_H
| # include <stdint.h>
| #endif
| #ifdef HAVE_UNISTD_H
| # include <unistd.h>
| #endif
| #include <sys/event.h>
configure:13767: result: no
configure:13767: checking sys/event.h presence
configure:13767: gcc -E  -D_GNU_SOURCE  conftest.c
conftest.c:43:10: fatal error: sys/event.h: No such file or directory
   43 | #include <sys/event.h>
      |          ^~~~~~~~~~~~~
compilation terminated.
configure:13767: $? = 1
configure: failed program was:
| /* confdefs.h */
| #define PACKAGE_NAME "PostgreSQL"
| #define PACKAGE_TARNAME "postgresql"
| #define PACKAGE_VERSION "19devel"
| #define PACKAGE_STRING "PostgreSQL 19devel"
| #define PACKAGE_BUGREPORT "pgsql-bugs@lists.postgresql.org"
| #define PACKAGE_URL "https://www.postgresql.org/"
| #define CONFIGURE_ARGS " '--prefix=/tmp/pg_install' '--enable-cassert' '--without-readline'"
| #define PG_MAJORVERSION "19"
| #define PG_MAJORVERSION_NUM 19
| #define PG_MINORVERSION_NUM 0
| #define PG_VERSION "19devel"
| #define DEF_PGPORT 5432
| #define DEF_PGPORT_STR "5432"
| #define BLCKSZ 8192
| #define RELSEG_SIZE 131072
| #define XLOG_BLCKSZ 8192
| #define HAVE_VISIBILITY_ATTRIBUTE 1
| #define DLSUFFIX ".so"
| #define USE_ASSERT_CHECKING 1
| #define USE_ICU 1
| #define PG_KRB_SRVNAM "postgres"
| #define STDC_HEADERS 1
| #define HAVE_SYS_TYPES_H 1
| #define HAVE_SYS_STAT_H 1
| #define HAVE_STDLIB_H 1
| #define HAVE_STRING_H 1
| #define HAVE_MEMORY_H 1
| #define HAVE_STRINGS_H 1
| #define HAVE_INTTYPES_H 1
| #define HAVE_STDINT_H 1
| #define HAVE_UNISTD_H 1
| #define HAVE_PTHREAD_PRIO_INHERIT 1
| #define HAVE_PTHREAD 1
| #define HAVE_STRERROR_R 1
| #define HAVE_LIBM 1
| #define HAVE_LIBZ 1
| #define HAVE_EXECINFO_H 1
| #define HAVE_GETOPT_H 1
| #define HAVE_IFADDRS_H 1
| #define HAVE_SYS_EPOLL_H 1
| /* end confdefs.h.  */
| #include <sys/event.h>
configure:13767: result: no
configure:13767: checking for sys/event.h
configure:13767: result: no
configure:13767: checking sys/personality.h usability
configure:13767: gcc -c -Wall -Wmissing-prototypes -Wpointer-arith -Wdeclaration-after-statement -Werror=vla -Wendif-labels -Wmissing-format-attribute -Wimplicit-fallthrough=3 -Wcast-function-type -Wshadow=compatible-local -Wformat-security -fno-strict-aliasing -fwrapv -fexcess-precision=standard -Wno-format-truncation -Wno-stringop-truncation -O2  -D_GNU_SOURCE  conftest.c >&5
configure:13767: $? = 0
configure:13767: result: yes
configure:13767: checking sys/personality.h presence
configure:13767: gcc -E  -D_GNU_SOURCE  conftest.c
configure:13767: $? = 0
configure:13767: result: yes
configure:13767: checking for sys/personality.h
configure:13767: result: yes
configure:13767: checking sys/prctl.h usability
configure:13767: gcc -c -Wall -Wmissing-prototypes -Wpointer-arith -Wdeclaration-after-statement -Werror=vla -Wendif-labels -Wmissing-format-attribute -Wimplicit-fallthrough=3 -Wcast-function-type -Wshadow=compatible-local -Wformat-security -fno-strict-aliasing -fwrapv -fexcess-precision=standard -Wno-format-truncation -Wno-stringop-truncation -O2  -D_GNU_SOURCE  conftest.c >&5
configure:13767: $? = 0
configure:13767: result: yes
configure:13767: checking sys/prctl.h presence
configure:13767: gcc -E  -D_GNU_SOURCE  conftest.c
configure:13767: $? = 0
configure:13767: result: yes
configure:13767: checking for sys/prctl.h
configure:13767: result: yes
configure:13767: checking sys/procctl.h usability
configure:13767: gcc -c -Wall -Wmissing-prototypes -Wpointer-arith -Wdeclaration-after-statement -Werror=vla -Wendif-labels -Wmissing-format-attribute -Wimplicit-fallthrough=3 -Wcast-function-type -Wshadow=compatible-local -Wformat-security -fno-strict-aliasing -fwrapv -fexcess-precision=standard -Wno-format-truncation -Wno-stringop-truncation -O2  -D_GNU_SOURCE  conftest.c >&5
conftest.c:78:10: fatal error: sys/procctl.h: No such file or directory
   78 | #include <sys/procctl.h>
      |          ^~~~~~~~~~~~~~~
compilation terminated.
configure:13767: $? = 1
configure: failed program was:
| /* confdefs.h */
| #define PACKAGE_NAME "PostgreSQL"
| #define PACKAGE_TARNAME "postgresql"
| #define PACKAGE_VERSION "19devel"
| #define PACKAGE_STRING "PostgreSQL 19devel"
| #define PACKAGE_BUGREPORT "pgsql-bugs@lists.postgresql.org"
| #define PACKAGE_URL "https://www.postgresql.org/"
| #define CONFIGURE_ARGS " '--prefix=/tmp/pg_install' '--enable-cassert' '--without-readline'"
| #define PG_MAJORVERSION "19"
| #define PG_MAJORVERSION_NUM 19
| #define PG_MINORVERSION_NUM 0
| #define PG_VERSION "19devel"
| #define DEF_PGPORT 5432
| #define DEF_PGPORT_STR "5432"
| #define BLCKSZ 8192
| #define RELSEG_SIZE 131072
| #define XLOG_BLCKSZ 8192
| #define HAVE_VISIBILITY_ATTRIBUTE 1
| #define DLSUFFIX ".so"
| #define USE_ASSERT_CHECKING 1
| #define USE_ICU 1
| #define PG_KRB_SRVNAM "postgres"
| #define STDC_HEADERS 1
| #define HAVE_SYS_TYPES_H 1
| #define HAVE_SYS_STAT_H 1
| #define HAVE_STDLIB_H 1
| #define HAVE_STRING_H 1
| #define HAVE_MEMORY_H 1
| #define HAVE_STRINGS_H 1
| #define HAVE_INTTYPES_H 1
| #define HAVE_STDINT_H 1
| #define HAVE_UNISTD_H 1
| #define HAVE_PTHREAD_PRIO_INHERIT 1
| #define HAVE_PTHREAD 1
| #define HAVE_STRERROR_R 1
| #define HAVE_LIBM 1
| #define HAVE_LIBZ 1
| #define HAVE_EXECINFO_H 1
| #define HAVE_GETOPT_H 1
| #define HAVE_IFADDRS_H 1
| #define HAVE_SYS_EPOLL_H 1
| #define HAVE_SYS_PERSONALITY_H 1
| #define HAVE_SYS_PRCTL_H 1
| /* end confdefs.h.  */
| #include <stdio.h>
| #ifdef HAVE_SYS_TYPES_H
| # include <sys/types.h>
| #endif
| #ifdef HAVE_SYS_STAT_H
| # include <sys/stat.h>
| #endif
| #ifdef STDC_HEADERS
| # include <stdlib.h>
| # include <stddef.h>
| #else
| # ifdef HAVE_STDLIB_H
| #  include <stdlib.h>
| # endif
| #endif
| #ifdef HAVE_STRING_H
| # if !defined STDC_HEADERS && defined HAVE_MEMORY_H
| #  include <memory.h>
| # endif
| # include <string.h>
| #endif
| #ifdef HAVE_STRINGS_H
| # include <strings.h>
| #endif
| #ifdef HAVE_INTTYPES_H
| # include <inttypes.h>
| #endif
| #ifdef HAVE_STDINT_H
| # include <stdint.h>
| #endif
| #ifdef HAVE_UNISTD_H
| # include <unistd.h>
| #endif
| #include <sys/procctl.h>
configure:13767: result: no
configure:13767: checking sys/procctl.h presence
configure:13767: gcc -E  -D_GNU_SOURCE  conftest.c
conftest.c:45:10: fatal error: sys/procctl.h: No such file or directory
   45 | #include <sys/procctl.h>
      |          ^~~~~~~~~~~~~~~
compilation terminated.
configure:13767: $? = 1
configure: failed program was:
| /* confdefs.h */
| #define PACKAGE_NAME "PostgreSQL"
| #define PACKAGE_TARNAME "postgresql"
| #define PACKAGE_VERSION "19devel"
| #define PACKAGE_STRING "PostgreSQL 19devel"
| #define PACKAGE_BUGREPORT "pgsql-bugs@lists.postgresql.org"
| #define PACKAGE_URL "https://www.postgresql.org/"
| #define CONFIGURE_ARGS " '--prefix=/tmp/pg_install' '--enable-cassert' '--without-readline'"
| #define PG_MAJORVERSION "19"
| #define PG_MAJORVERSION_NUM 19
| #define PG_MINORVERSION_NUM 0
| #define PG_VERSION "19devel"
| #define DEF_PGPORT 5432
| #define DEF_PGPORT_STR "5432"
| #define BLCKSZ 8192
| #define RELSEG_SIZE 131072
| #define XLOG_BLCKSZ 8192
| #define HAVE_VISIBILITY_ATTRIBUTE 1
| #define DLSUFFIX ".so"
| #define USE_ASSERT_CHECKING 1
| #define USE_ICU 1
| #define PG_KRB_SRVNAM "postgres"
| #define STDC_HEADERS 1
| #define HAVE_SYS_TYPES_H 1
| #define HAVE_SYS_STAT_H 1
| #define HAVE_STDLIB_H 1
| #define HAVE_STRING_H 1
| #define HAVE_MEMORY_H 1
| #define HAVE_STRINGS_H 1
| #define HAVE_INTTYPES_H 1
| #define HAVE_STDINT_H 1
| #define HAVE_UNISTD_H 1
| #define HAVE_PTHREAD_PRIO_INHERIT 1
| #define HAVE_PTHREAD 1
| #define HAVE_STRERROR_R 1
| #define HAVE_LIBM 1
| #define HAVE_LIBZ 1
| #define HAVE_EXECINFO_H 1
| #define HAVE_GETOPT_H 1
| #define HAVE_IFADDRS_H 1
| #define HAVE_SYS_EPOLL_H 1
| #define HAVE_SYS_PERSONALITY_H 1
| #define HAVE_SYS_PRCTL_H 1
| /* end confdefs.h.  */
| #include <sys/procctl.h>
configure:13767: result: no
configure:13767: checking for sys/procctl.h
configure:13767: result: no
configure:13767: checking sys/signalfd.h usability
configure:13767: gcc -c -Wall -Wmissing-prototypes -Wpointer-arith -Wdeclaration-after-statement -Werror=vla -Wendif-labels -Wmissing-format-attribute -Wimplicit-fallthrough=3 -Wcast-function-type -Wshadow=compatible-local -Wformat-security -fno-strict-aliasing -fwrapv -fexcess-precision=standard -Wno-format-truncation -Wno-stringop-truncation -O2  -D_GNU_SOURCE  conftest.c >&5
configure:13767: $? = 0
configure:13767: result: yes
configure:13767: checking sys/signalfd.h presence
configure:13767: gcc -E  -D_GNU_SOURCE  conftest.c
configure:13767: $? = 0
configure:13767: result: yes
configure:13767: checking for sys/signalfd.h
configure:13767: result: yes
configure:13767: checking sys/ucred.h usability
configure:13767: gcc -c -Wall -Wmissing-prototypes -Wpointer-arith -Wdeclaration-after-statement -Werror=vla -Wendif-labels -Wmissing-format-attribute -Wimplicit-fallthrough=3 -Wcast-function-type -Wshadow=compatible-local -Wformat-security -fno-strict-aliasing -fwrapv -fexcess-precision=standard -Wno-format-truncation -Wno-stringop-truncation -O2  -D_GNU_SOURCE  conftest.c >&5
conftest.c:79:10: fatal error: sys/ucred.h: No such file or directory
   79 | #include <sys/ucred.h>
      |          ^~~~~~~~~~~~~
compilation terminated.
configure:13767: $? = 1
configure: failed program was:
| /* confdefs.h */
| #define PACKAGE_NAME "PostgreSQL"
| #define PACKAGE_TARNAME "postgresql"
| #define PACKAGE_VERSION "19devel"
| #define PACKAGE_STRING "PostgreSQL 19devel"
| #define PACKAGE_BUGREPORT "pgsql-bugs@lists.postgresql.org"
| #define PACKAGE_URL "https://www.postgresql.org/"
| #define CONFIGURE_ARGS " '--prefix=/tmp/pg_install' '--enable-cassert' '--without-readline'"
| #define PG_MAJORVERSION "19"
| #define PG_MAJORVERSION_NUM 19
| #define PG_MINORVERSION_NUM 0
| #define PG_VERSION "19devel"
| #define DEF_PGPORT 5432
| #define DEF_PGPORT_STR "5432"
| #define BLCKSZ 8192
| #define RELSEG_SIZE 131072
| #define XLOG_BLCKSZ 8192
| #define HAVE_VISIBILITY_ATTRIBUTE 1
| #define DLSUFFIX ".so"
| #define USE_ASSERT_CHECKING 1
| #define USE_ICU 1
| #define PG_KRB_SRVNAM "postgres"
| #define STDC_HEADERS 1
| #define HAVE_SYS_TYPES_H 1
| #define HAVE_SYS_STAT_H 1
| #define HAVE_STDLIB_H 1
| #define HAVE_STRING_H 1
| #define HAVE_MEMORY_H 1
| #define HAVE_STRINGS_H 1
| #define HAVE_INTTYPES_H 1
| #define HAVE_STDINT_H 1
| #define HAVE_UNISTD_H 1
| #define HAVE_PTHREAD_PRIO_INHERIT 1
| #define HAVE_PTHREAD 1
| #define HAVE_STRERROR_R 1
| #define HAVE_LIBM 1
| #define HAVE_LIBZ 1
| #define HAVE_EXECINFO_H 1
| #define HAVE_GETOPT_H 1
| #define HAVE_IFADDRS_H 1
| #define HAVE_SYS_EPOLL_H 1
| #define HAVE_SYS_PERSONALITY_H 1
| #define HAVE_SYS_PRCTL_H 1
| #define HAVE_SYS_SIGNALFD_H 1
| /* end confdefs.h.  */
| #include <stdio.h>
| #ifdef HAVE_SYS_TYPES_H
| # include <sys/types.h>
| #endif
| #ifdef HAVE_SYS_STAT_H
| # include <sys/stat.h>
| #endif
| #ifdef STDC_HEADERS
| # include <stdlib.h>
| # include <stddef.h>
| #else
| # ifdef HAVE_STDLIB_H
| #  include <stdlib.h>
| # endif
| #endif
| #ifdef HAVE_STRING_H
| # if !defined STDC_HEADERS && defined HAVE_MEMORY_H
| #  include <memory.h>
| # endif
| # include <string.h>
| #endif
| #ifdef HAVE_STRINGS_H
| # include <strings.h>
| #endif
| #ifdef HAVE_INTTYPES_H
| # include <inttypes.h>
| #endif
| #ifdef HAVE_STDINT_H
| # include <stdint.h>
| #endif
| #ifdef HAVE_UNISTD_H
| # include <unistd.h>
| #endif
| #include <sys/ucred.h>
configure:13767: result: no
configure:13767: checking sys/ucred.h presence
configure:13767: gcc -E  -D_GNU_SOURCE  conftest.c
conftest.c:46:10: fatal error: sys/ucred.h: No such file or directory
   46 | #include <sys/ucred.h>
      |          ^~~~~~~~~~~~~
compilation terminated.
configure:13767: $? = 1
configure: failed program was:
| /* confdefs.h */
| #define PACKAGE_NAME "PostgreSQL"
| #define PACKAGE_TARNAME "postgresql"
| #define PACKAGE_VERSION "19devel"
| #define PACKAGE_STRING "PostgreSQL 19devel"
| #define PACKAGE_BUGREPORT "pgsql-bugs@lists.postgresql.org"
| #define PACKAGE_URL "https://www.postgresql.org/"
| #define CONFIGURE_ARGS " '--prefix=/tmp/pg_install' '--enable-cassert' '--without-readline'"
| #define PG_MAJORVERSION "19"
| #define PG_MAJORVERSION_NUM 19
| #define PG_MINORVERSION_NUM 0
| #define PG_VERSION "19devel"
| #define DEF_PGPORT 5432
| #define DEF_PGPORT_STR "5432"
| #define BLCKSZ 8192
| #define RELSEG_SIZE 131072
| #define XLOG_BLCKSZ 8192
| #define HAVE_VISIBILITY_ATTRIBUTE 1
| #define DLSUFFIX ".so"
| #define USE_ASSERT_CHECKING 1
| #define USE_ICU 1
| #define PG_KRB_SRVNAM "postgres"
| #define STDC_HEADERS 1
| #define HAVE_SYS_TYPES_H 1
| #define HAVE_SYS_STAT_H 1
| #define HAVE_STDLIB_H 1
| #define HAVE_STRING_H 1
| #define HAVE_MEMORY_H 1
| #define HAVE_STRINGS_H 1
| #define HAVE_INTTYPES_H 1
| #define HAVE_STDINT_H 1
| #define HAVE_UNISTD_H 1
| #define HAVE_PTHREAD_PRIO_INHERIT 1
| #define HAVE_PTHREAD 1
| #define HAVE_STRERROR_R 1
| #define HAVE_LIBM 1
| #define HAVE_LIBZ 1
| #define HAVE_EXECINFO_H 1
| #define HAVE_GETOPT_H 1
| #define HAVE_IFADDRS_H 1
| #define HAVE_SYS_EPOLL_H 1
| #define HAVE_SYS_PERSONALITY_H 1
| #define HAVE_SYS_PRCTL_H 1
| #define HAVE_SYS_SIGNALFD_H 1
| /* end confdefs.h.  */
| #include <sys/ucred.h>
configure:13767: result: no
configure:13767: checking for sys/ucred.h
configure:13767: result: no
configure:13767: checking termios.h usability
configure:13767: gcc -c -Wall -Wmissing-prototypes -Wpointer-arith -Wdeclaration-after-statement -Werror=vla -Wendif-labels -Wmissing-format-attribute -Wimplicit-fallthrough=3 -Wcast-function-type -Wshadow=compatible-local -Wformat-security -fno-strict-aliasing -fwrapv -fexcess-precision=standard -Wno-format-truncation -Wno-stringop-truncation -O2  -D_GNU_SOURCE  conftest.c >&5
configure:13767: $? = 0
configure:13767: result: yes
configure:13767: checking termios.h presence
configure:13767: gcc -E  -D_GNU_SOURCE  conftest.c
configure:13767: $? = 0
configure:13767: result: yes
configure:13767: checking for termios.h
configure:13767: result: yes
configure:13767: checking uchar.h usability
configure:13767: gcc -c -Wall -Wmissing-prototypes -Wpointer-arith -Wdeclaration-after-statement -Werror=vla -Wendif-labels -Wmissing-format-attribute -Wimplicit-fallthrough=3 -Wcast-function-type -Wshadow=compatible-local -Wformat-security -fno-strict-aliasing -fwrapv -fexcess-precision=standard -Wno-format-truncation -Wno-stringop-truncation -O2  -D_GNU_SOURCE  conftest.c >&5
configure:13767: $? = 0
configure:13767: result: yes
configure:13767: checking uchar.h presence
configure:13767: gcc -E  -D_GNU_SOURCE  conftest.c
configure:13767: $? = 0
configure:13767: result: yes
configure:13767: checking for uchar.h
configure:13767: result: yes
configure:13767: checking ucred.h usability
configure:13767: gcc -c -Wall -Wmissing-prototypes -Wpointer-arith -Wdeclaration-after-statement -Werror=vla -Wendif-labels -Wmissing-format-attribute -Wimplicit-fallthrough=3 -Wcast-function-type -Wshadow=compatible-local -Wformat-security -fno-strict-aliasing -fwrapv -fexcess-precision=standard -Wno-format-truncation -Wno-stringop-truncation -O2  -D_GNU_SOURCE  conftest.c >&5
conftest.c:81:10: fatal error: ucred.h: No such file or directory
   81 | #include <ucred.h>
      |          ^~~~~~~~~
compilation terminated.
configure:13767: $? = 1
configure: failed program was:
| /* confdefs.h */
| #define PACKAGE_NAME "PostgreSQL"
| #define PACKAGE_TARNAME "postgresql"
| #define PACKAGE_VERSION "19devel"
| #define PACKAGE_STRING "PostgreSQL 19devel"
| #define PACKAGE_BUGREPORT "pgsql-bugs@lists.postgresql.org"
| #define PACKAGE_URL "https://www.postgresql.org/"
| #define CONFIGURE_ARGS " '--prefix=/tmp/pg_install' '--enable-cassert' '--without-readline'"
| #define PG_MAJORVERSION "19"
| #define PG_MAJORVERSION_NUM 19
| #define PG_MINORVERSION_NUM 0
| #define PG_VERSION "19devel"
| #define DEF_PGPORT 5432
| #define DEF_PGPORT_STR "5432"
| #define BLCKSZ 8192
| #define RELSEG_SIZE 131072
| #define XLOG_BLCKSZ 8192
| #define HAVE_VISIBILITY_ATTRIBUTE 1
| #define DLSUFFIX ".so"
| #define USE_ASSERT_CHECKING 1
| #define USE_ICU 1
| #define PG_KRB_SRVNAM "postgres"
| #define STDC_HEADERS 1
| #define HAVE_SYS_TYPES_H 1
| #define HAVE_SYS_STAT_H 1
| #define HAVE_STDLIB_H 1
| #define HAVE_STRING_H 1
| #define HAVE_MEMORY_H 1
| #define HAVE_STRINGS_H 1
| #define HAVE_INTTYPES_H 1
| #define HAVE_STDINT_H 1
| #define HAVE_UNISTD_H 1
| #define HAVE_PTHREAD_PRIO_INHERIT 1
| #define HAVE_PTHREAD 1
| #define HAVE_STRERROR_R 1
| #define HAVE_LIBM 1
| #define HAVE_LIBZ 1
| #define HAVE_EXECINFO_H 1
| #define HAVE_GETOPT_H 1
| #define HAVE_IFADDRS_H 1
| #define HAVE_SYS_EPOLL_H 1
| #define HAVE_SYS_PERSONALITY_H 1
| #define HAVE_SYS_PRCTL_H 1
| #define HAVE_SYS_SIGNALFD_H 1
| #define HAVE_TERMIOS_H 1
| #define HAVE_UCHAR_H 1
| /* end confdefs.h.  */
| #include <stdio.h>
| #ifdef HAVE_SYS_TYPES_H
| # include <sys/types.h>
| #endif
| #ifdef HAVE_SYS_STAT_H
| # include <sys/stat.h>
| #endif
| #ifdef STDC_HEADERS
| # include <stdlib.h>
| # include <stddef.h>
| #else
| # ifdef HAVE_STDLIB_H
| #  include <stdlib.h>
| # endif
| #endif
| #ifdef HAVE_STRING_H
| # if !defined STDC_HEADERS && defined HAVE_MEMORY_H
| #  include <memory.h>
| # endif
| # include <string.h>
| #endif
| #ifdef HAVE_STRINGS_H
| # include <strings.h>
| #endif
| #ifdef HAVE_INTTYPES_H
| # include <inttypes.h>
| #endif
| #ifdef HAVE_STDINT_H
| # include <stdint.h>
| #endif
| #ifdef HAVE_UNISTD_H
| # include <unistd.h>
| #endif
| #include <ucred.h>
configure:13767: result: no
configure:13767: checking ucred.h presence
configure:13767: gcc -E  -D_GNU_SOURCE  conftest.c
conftest.c:48:10: fatal error: ucred.h: No such file or directory
   48 | #include <ucred.h>
      |          ^~~~~~~~~
compilation terminated.
configure:13767: $? = 1
configure: failed program was:
| /* confdefs.h */
| #define PACKAGE_NAME "PostgreSQL"
| #define PACKAGE_TARNAME "postgresql"
| #define PACKAGE_VERSION "19devel"
| #define PACKAGE_STRING "PostgreSQL 19devel"
| #define PACKAGE_BUGREPORT "pgsql-bugs@lists.postgresql.org"
| #define PACKAGE_URL "https://www.postgresql.org/"
| #define CONFIGURE_ARGS " '--prefix=/tmp/pg_install' '--enable-cassert' '--without-readline'"
| #define PG_MAJORVERSION "19"
| #define PG_MAJORVERSION_NUM 19
| #define PG_MINORVERSION_NUM 0
| #define PG_VERSION "19devel"
| #define DEF_PGPORT 5432
| #define DEF_PGPORT_STR "5432"
| #define BLCKSZ 8192
| #define RELSEG_SIZE 131072
| #define XLOG_BLCKSZ 8192
| #define HAVE_VISIBILITY_ATTRIBUTE 1
| #define DLSUFFIX ".so"
| #define USE_ASSERT_CHECKING 1
| #define USE_ICU 1
| #define PG_KRB_SRVNAM "postgres"
| #define STDC_HEADERS 1
| #define HAVE_SYS_TYPES_H 1
| #define HAVE_SYS_STAT_H 1
| #define HAVE_STDLIB_H 1
| #define HAVE_STRING_H 1
| #define HAVE_MEMORY_H 1
| #define HAVE_STRINGS_H 1
| #define HAVE_INTTYPES_H 1
| #define HAVE_STDINT_H 1
| #define HAVE_UNISTD_H 1
| #define HAVE_PTHREAD_PRIO_INHERIT 1
| #define HAVE_PTHREAD 1
| #define HAVE_STRERROR_R 1
| #define HAVE_LIBM 1
| #define HAVE_LIBZ 1
| #define HAVE_EXECINFO_H 1
| #define HAVE_GETOPT_H 1
| #define HAVE_IFADDRS_H 1
| #define HAVE_SYS_EPOLL_H 1
| #define HAVE_SYS_PERSONALITY_H 1
| #define HAVE_SYS_PRCTL_H 1
| #define HAVE_SYS_SIGNALFD_H 1
| #define HAVE_TERMIOS_H 1
| #define HAVE_UCHAR_H 1
| /* end confdefs.h.  */
| #include <ucred.h>
configure:13767: result: no
configure:13767: checking for ucred.h
configure:13767: result: no
configure:13767: checking xlocale.h usability
configure:13767: gcc -c -Wall -Wmissing-prototypes -Wpointer-arith -Wdeclaration-after-statement -Werror=vla -Wendif-labels -Wmissing-format-attribute -Wimplicit-fallthrough=3 -Wcast-function-type -Wshadow=compatible-local -Wformat-security -fno-strict-aliasing -fwrapv -fexcess-precision=standard -Wno-format-truncation -Wno-stringop-truncation -O2  -D_GNU_SOURCE  conftest.c >&5
conftest.c:81:10: fatal error: xlocale.h: No such file or directory
   81 | #include <xlocale.h>
      |          ^~~~~~~~~~~
compilation terminated.
configure:13767: $? = 1
configure: failed program was:
| /* confdefs.h */
| #define PACKAGE_NAME "PostgreSQL"
| #define PACKAGE_TARNAME "postgresql"
| #define PACKAGE_VERSION "19devel"
| #define PACKAGE_STRING "PostgreSQL 19devel"
| #define PACKAGE_BUGREPORT "pgsql-bugs@lists.postgresql.org"
| #define PACKAGE_URL "https://www.postgresql.org/"
| #define CONFIGURE_ARGS " '--prefix=/tmp/pg_install' '--enable-cassert' '--without-readline'"
| #define PG_MAJORVERSION "19"
| #define PG_MAJORVERSION_NUM 19
| #define PG_MINORVERSION_NUM 0
| #define PG_VERSION "19devel"
| #define DEF_PGPORT 5432
| #define DEF_PGPORT_STR "5432"
| #define BLCKSZ 8192
| #define RELSEG_SIZE 131072
| #define XLOG_BLCKSZ 8192
| #define HAVE_VISIBILITY_ATTRIBUTE 1
| #define DLSUFFIX ".so"
| #define USE_ASSERT_CHECKING 1
| #define USE_ICU 1
| #define PG_KRB_SRVNAM "postgres"
| #define STDC_HEADERS 1
| #define HAVE_SYS_TYPES_H 1
| #define HAVE_SYS_STAT_H 1
| #define HAVE_STDLIB_H 1
| #define HAVE_STRING_H 1
| #define HAVE_MEMORY_H 1
| #define HAVE_STRINGS_H 1
| #define HAVE_INTTYPES_H 1
| #define HAVE_STDINT_H 1
| #define HAVE_UNISTD_H 1
| #define HAVE_PTHREAD_PRIO_INHERIT 1
| #define HAVE_PTHREAD 1
| #define HAVE_STRERROR_R 1
| #define HAVE_LIBM 1
| #define HAVE_LIBZ 1
| #define HAVE_EXECINFO_H 1
| #define HAVE_GETOPT_H 1
| #define HAVE_IFADDRS_H 1
| #define HAVE_SYS_EPOLL_H 1
| #define HAVE_SYS_PERSONALITY_H 1
| #define HAVE_SYS_PRCTL_H 1
| #define HAVE_SYS_SIGNALFD_H 1
| #define HAVE_TERMIOS_H 1
| #define HAVE_UCHAR_H 1
| /* end confdefs.h.  */
| #include <stdio.h>
| #ifdef HAVE_SYS_TYPES_H
| # include <sys/types.h>
| #endif
| #ifdef HAVE_SYS_STAT_H
| # include <sys/stat.h>
| #endif
| #ifdef STDC_HEADERS
| # include <stdlib.h>
| # include <stddef.h>
| #else
| # ifdef HAVE_STDLIB_H
| #  include <stdlib.h>
| # endif
| #endif
| #ifdef HAVE_STRING_H
| # if !defined STDC_HEADERS && defined HAVE_MEMORY_H
| #  include <memory.h>
| # endif
| # include <string.h>
| #endif
| #ifdef HAVE_STRINGS_H
| # include <strings.h>
| #endif
| #ifdef HAVE_INTTYPES_H
| # include <inttypes.h>
| #endif
| #ifdef HAVE_STDINT_H
| # include <stdint.h>
| #endif
| #ifdef HAVE_UNISTD_H
| # include <unistd.h>
| #endif
| #include <xlocale.h>
configure:13767: result: no
configure:13767: checking xlocale.h presence
configure:13767: gcc -E  -D_GNU_SOURCE  conftest.c
conftest.c:48:10: fatal error: xlocale.h: No such file or directory
   48 | #include <xlocale.h>
      |          ^~~~~~~~~~~
compilation terminated.
configure:13767: $? = 1
configure: failed program was:
| /* confdefs.h */
| #define PACKAGE_NAME "PostgreSQL"
| #define PACKAGE_TARNAME "postgresql"
| #define PACKAGE_VERSION "19devel"
| #define PACKAGE_STRING "PostgreSQL 19devel"
| #define PACKAGE_BUGREPORT "pgsql-bugs@lists.postgresql.org"
| #define PACKAGE_URL "https://www.postgresql.org/"
| #define CONFIGURE_ARGS " '--prefix=/tmp/pg_install' '--enable-cassert' '--without-readline'"
| #define PG_MAJORVERSION "19"
| #define PG_MAJORVERSION_NUM 19
| #define PG_MINORVERSION_NUM 0
| #define PG_VERSION "19devel"
| #define DEF_PGPORT 5432
| #define DEF_PGPORT_STR "5432"
| #define BLCKSZ 8192
| #define RELSEG_SIZE 131072
| #define XLOG_BLCKSZ 8192
| #define HAVE_VISIBILITY_ATTRIBUTE 1
| #define DLSUFFIX ".so"
| #define USE_ASSERT_CHECKING 1
| #define USE_ICU 1
| #define PG_KRB_SRVNAM "postgres"
| #define STDC_HEADERS 1
| #define HAVE_SYS_TYPES_H 1
| #define HAVE_SYS_STAT_H 1
| #define HAVE_STDLIB_H 1
| #define HAVE_STRING_H 1
| #define HAVE_MEMORY_H 1
| #define HAVE_STRINGS_H 1
| #define HAVE_INTTYPES_H 1
| #define HAVE_STDINT_H 1
| #define HAVE_UNISTD_H 1
| #define HAVE_PTHREAD_PRIO_INHERIT 1
| #define HAVE_PTHREAD 1
| #define HAVE_STRERROR_R 1
| #define HAVE_LIBM 1
| #define HAVE_LIBZ 1
| #define HAVE_EXECINFO_H 1
| #define HAVE_GETOPT_H 1
| #define HAVE_IFADDRS_H 1
| #define HAVE_SYS_EPOLL_H 1
| #define HAVE_SYS_PERSONALITY_H 1
| #define HAVE_SYS_PRCTL_H 1
| #define HAVE_SYS_SIGNALFD_H 1
| #define HAVE_TERMIOS_H 1
| #define HAVE_UCHAR_H 1
| /* end confdefs.h.  */
| #include <xlocale.h>
configure:13767: result: no
configure:13767: checking for xlocale.h
configure:13767: result: no
configure:13933: checking zlib.h usability
configure:13933: gcc -c -Wall -Wmissing-prototypes -Wpointer-arith -Wdeclaration-after-statement -Werror=vla -Wendif-labels -Wmissing-format-attribute -Wimplicit-fallthrough=3 -Wcast-function-type -Wshadow=compatible-local -Wformat-security -fno-strict-aliasing -fwrapv -fexcess-precision=standard -Wno-format-truncation -Wno-stringop-truncation -O2  -D_GNU_SOURCE  conftest.c >&5
configure:13933: $? = 0
configure:13933: result: yes
configure:13933: checking zlib.h presence
configure:13933: gcc -E  -D_GNU_SOURCE  conftest.c
configure:13933: $? = 0
configure:13933: result: yes
configure:13933: checking for zlib.h
configure:13933: result: yes
configure:13951: checking for lz4
configure:13969: found /usr/bin/lz4
configure:13981: result: /usr/bin/lz4
configure:14016: checking for zstd
configure:14034: found /usr/local/bin/zstd
configure:14046: result: /usr/local/bin/zstd
configure:14138: checking for openssl
configure:14156: found /usr/bin/openssl
configure:14168: result: /usr/bin/openssl
configure:14188: using openssl: OpenSSL 3.0.13 30 Jan 2024 (Library: OpenSSL 3.0.13 30 Jan 2024)
configure:14520: checking whether byte ordering is bigendian
configure:14535: gcc -c -Wall -Wmissing-prototypes -Wpointer-arith -Wdeclaration-after-statement -Werror=vla -Wendif-labels -Wmissing-format-attribute -Wimplicit-fallthrough=3 -Wcast-function-type -Wshadow=compatible-local -Wformat-security -fno-strict-aliasing -fwrapv -fexcess-precision=standard -Wno-format-truncation -Wno-stringop-truncation -O2  -D_GNU_SOURCE  conftest.c >&5
conftest.c:49:16: error: unknown type name 'not'
   49 |                not a universal capable compiler
      |                ^~~
conftest.c:49:22: error: expected '=', ',', ';', 'asm' or '__attribute__' before 'universal'
   49 |                not a universal capable compiler
      |                      ^~~~~~~~~
conftest.c:49:22: error: unknown type name 'universal'
configure:14535: $? = 1
configure: failed program was:
| /* confdefs.h */
| #define PACKAGE_NAME "PostgreSQL"
| #define PACKAGE_TARNAME "postgresql"
| #define PACKAGE_VERSION "19devel"
| #define PACKAGE_STRING "PostgreSQL 19devel"
| #define PACKAGE_BUGREPORT "pgsql-bugs@lists.postgresql.org"
| #define PACKAGE_URL "https://www.postgresql.org/"
| #define CONFIGURE_ARGS " '--prefix=/tmp/pg_install' '--enable-cassert' '--without-readline'"
| #define PG_MAJORVERSION "19"
| #define PG_MAJORVERSION_NUM 19
| #define PG_MINORVERSION_NUM 0
| #define PG_VERSION "19devel"
| #define DEF_PGPORT 5432
| #define DEF_PGPORT_STR "5432"
| #define BLCKSZ 8192
| #define RELSEG_SIZE 131072
| #define XLOG_BLCKSZ 8192
| #define HAVE_VISIBILITY_ATTRIBUTE 1
| #define DLSUFFIX ".so"
| #define USE_ASSERT_CHECKING 1
| #define USE_ICU 1
| #define PG_KRB_SRVNAM "postgres"
| #define STDC_HEADERS 1
| #define HAVE_SYS_TYPES_H 1
| #define HAVE_SYS_STAT_H 1
| #define HAVE_STDLIB_H 1
| #define HAVE_STRING_H 1
| #define HAVE_MEMORY_H 1
| #define HAVE_STRINGS_H 1
| #define HAVE_INTTYPES_H 1
| #define HAVE_STDINT_H 1
| #define HAVE_UNISTD_H 1
| #define HAVE_PTHREAD_PRIO_INHERIT 1
| #define HAVE_PTHREAD 1
| #define HAVE_STRERROR_R 1
| #define HAVE_LIBM 1
| #define HAVE_LIBZ 1
| #define HAVE_EXECINFO_H 1
| #define HAVE_GETOPT_H 1
| #define HAVE_IFADDRS_H 1
| #define HAVE_SYS_EPOLL_H 1
| #define HAVE_SYS_PERSONALITY_H 1
| #define HAVE_SYS_PRCTL_H 1
| #define HAVE_SYS_SIGNALFD_H 1
| #define HAVE_TERMIOS_H 1
| #define HAVE_UCHAR_H 1
| /* end confdefs.h.  */
| #ifndef __APPLE_CC__
| 	       not a universal capable compiler
| 	     #endif
| 	     typedef int dummy;
| 
configure:14580: gcc -c -Wall -Wmissing-prototypes -Wpointer-arith -Wdeclaration-after-statement -Werror=vla -Wendif-labels -Wmissing-format-attribute -Wimplicit-fallthrough=3 -Wcast-function-type -Wshadow=compatible-local -Wformat-security -fno-strict-aliasing -fwrapv -fexcess-precision=standard -Wno-format-truncation -Wno-stringop-truncation -O2  -D_GNU_SOURCE  conftest.c >&5
configure:14580: $? = 0
configure:14598: gcc -c -Wall -Wmissing-prototypes -Wpointer-arith -Wdeclaration-after-statement -Werror=vla -Wendif-labels -Wmissing-format-attribute -Wimplicit-fallthrough=3 -Wcast-function-type -Wshadow=compatible-local -Wformat-security -fno-strict-aliasing -fwrapv -fexcess-precision=standard -Wno-format-truncation -Wno-stringop-truncation -O2  -D_GNU_SOURCE  conftest.c >&5
conftest.c: In function 'main':
conftest.c:55:18: error: unknown type name 'not'; did you mean 'ino_t'?
   55 |                  not big endian
      |                  ^~~
      |                  ino_t
conftest.c:55:26: error: expected '=', ',', ';', 'asm' or '__attribute__' before 'endian'
   55 |                  not big endian
      |                          ^~~~~~
configure:14598: $? = 1
configure: failed program was:
| /* confdefs.h */
| #define PACKAGE_NAME "PostgreSQL"
| #define PACKAGE_TARNAME "postgresql"
| #define PACKAGE_VERSION "19devel"
| #define PACKAGE_STRING "PostgreSQL 19devel"
| #define PACKAGE_BUGREPORT "pgsql-bugs@lists.postgresql.org"
| #define PACKAGE_URL "https://www.postgresql.org/"
| #define CONFIGURE_ARGS " '--prefix=/tmp/pg_install' '--enable-cassert' '--without-readline'"
| #define PG_MAJORVERSION "19"
| #define PG_MAJORVERSION_NUM 19
| #define PG_MINORVERSION_NUM 0
| #define PG_VERSION "19devel"
| #define DEF_PGPORT 5432
| #define DEF_PGPORT_STR "5432"
| #define BLCKSZ 8192
| #define RELSEG_SIZE 131072
| #define XLOG_BLCKSZ 8192
| #define HAVE_VISIBILITY_ATTRIBUTE 1
| #define DLSUFFIX ".so"
| #define USE_ASSERT_CHECKING 1
| #define USE_ICU 1
| #define PG_KRB_SRVNAM "postgres"
| #define STDC_HEADERS 1
| #define HAVE_SYS_TYPES_H 1
| #define HAVE_SYS_STAT_H 1
| #define HAVE_STDLIB_H 1
| #define HAVE_STRING_H 1
| #define HAVE_MEMORY_H 1
| #define HAVE_STRINGS_H 1
| #define HAVE_INTTYPES_H 1
| #define HAVE_STDINT_H 1
| #define HAVE_UNISTD_H 1
| #define HAVE_PTHREAD_PRIO_INHERIT 1
| #define HAVE_PTHREAD 1
| #define HAVE_STRERROR_R 1
| #define HAVE_LIBM 1
| #define HAVE_LIBZ 1
| #define HAVE_EXECINFO_H 1
| #define HAVE_GETOPT_H 1
| #define HAVE_IFADDRS_H 1
| #define HAVE_SYS_EPOLL_H 1
| #define HAVE_SYS_PERSONALITY_H 1
| #define HAVE_SYS_PRCTL_H 1
| #define HAVE_SYS_SIGNALFD_H 1
| #define HAVE_TERMIOS_H 1
| #define HAVE_UCHAR_H 1
| /* end confdefs.h.  */
| #include <sys/types.h>
| 		#include <sys/param.h>
| 
| int
| main ()
| {
| #if BYTE_ORDER != BIG_ENDIAN
| 		 not big endian
| 		#endif
| 
|   ;
|   return 0;
| }
configure:14726: result: no
configure:14744: checking for inline
configure:14760: gcc -c -Wall -Wmissing-prototypes -Wpointer-arith -Wdeclaration-after-statement -Werror=vla -Wendif-labels -Wmissing-format-attribute -Wimplicit-fallthrough=3 -Wcast-function-type -Wshadow=compatible-local -Wformat-security -fno-strict-aliasing -fwrapv -fexcess-precision=standard -Wno-format-truncation -Wno-stringop-truncation -O2  -D_GNU_SOURCE  conftest.c >&5
configure:14760: $? = 0
configure:14768: result: inline
configure:14786: checking for C printf format archetype
configure:14806: gcc -c -Wall -Wmissing-prototypes -Wpointer-arith -Wdeclaration-after-statement -Werror=vla -Wendif-labels -Wmissing-format-attribute -Wimplicit-fallthrough=3 -Wcast-function-type -Wshadow=compatible-local -Wformat-security -fno-strict-aliasing -fwrapv -fexcess-precision=standard -Wno-format-truncation -Wno-stringop-truncation -O2  -D_GNU_SOURCE  conftest.c >&5
configure:14806: $? = 0
configure:14843: result: gnu_printf
configure:14851: checking for C++ printf format archetype
configure:14877: g++ -c -Wall -Wpointer-arith -Wendif-labels -Wmissing-format-attribute -Wimplicit-fallthrough=3 -Wcast-function-type -Wshadow=compatible-local -Wformat-security -fno-strict-aliasing -fwrapv -fexcess-precision=standard -O2  -D_GNU_SOURCE  conftest.cpp >&5
configure:14877: $? = 0
configure:14932: result: gnu_printf
configure:14940: checking for statement expressions
configure:14956: gcc -o conftest -Wall -Wmissing-prototypes -Wpointer-arith -Wdeclaration-after-statement -Werror=vla -Wendif-labels -Wmissing-format-attribute -Wimplicit-fallthrough=3 -Wcast-function-type -Wshadow=compatible-local -Wformat-security -fno-strict-aliasing -fwrapv -fexcess-precision=standard -Wno-format-truncation -Wno-stringop-truncation -O2  -D_GNU_SOURCE    conftest.c -lz -lm  >&5
configure:14956: $? = 0
configure:14964: result: yes
configure:14971: checking for typeof
configure:14992: gcc -c -Wall -Wmissing-prototypes -Wpointer-arith -Wdeclaration-after-statement -Werror=vla -Wendif-labels -Wmissing-format-attribute -Wimplicit-fallthrough=3 -Wcast-function-type -Wshadow=compatible-local -Wformat-security -fno-strict-aliasing -fwrapv -fexcess-precision=standard -Wno-format-truncation -Wno-stringop-truncation -O2  -D_GNU_SOURCE  conftest.c >&5
configure:14992: $? = 0
configure:14999: result: typeof
configure:15013: checking for __builtin_types_compatible_p
configure:15029: gcc -c -Wall -Wmissing-prototypes -Wpointer-arith -Wdeclaration-after-statement -Werror=vla -Wendif-labels -Wmissing-format-attribute -Wimplicit-fallthrough=3 -Wcast-function-type -Wshadow=compatible-local -Wformat-security -fno-strict-aliasing -fwrapv -fexcess-precision=standard -Wno-format-truncation -Wno-stringop-truncation -O2  -D_GNU_SOURCE  conftest.c >&5
conftest.c: In function 'main':
conftest.c:56:20: warning: unused variable 'y' [-Wunused-variable]
   56 |  int x; static int y[__builtin_types_compatible_p(__typeof__(x), int)];
      |                    ^
configure:15029: $? = 0
configure:15036: result: yes
configure:15043: checking for __builtin_constant_p
configure:15056: gcc -c -Wall -Wmissing-prototypes -Wpointer-arith -Wdeclaration-after-statement -Werror=vla -Wendif-labels -Wmissing-format-attribute -Wimplicit-fallthrough=3 -Wcast-function-type -Wshadow=compatible-local -Wformat-security -fno-strict-aliasing -fwrapv -fexcess-precision=standard -Wno-format-truncation -Wno-stringop-truncation -O2  -D_GNU_SOURCE  conftest.c >&5
conftest.c:55:14: warning: 'z' defined but not used [-Wunused-variable]
   55 |   static int z[__builtin_constant_p("string literal") ? 1 : x];
      |              ^
conftest.c:54:14: warning: 'y' defined but not used [-Wunused-variable]
   54 |   static int y[__builtin_constant_p(x) ? x : 1];
      |              ^
configure:15056: $? = 0
configure:15063: result: yes
configure:15070: checking for __builtin_mul_overflow
configure:15092: gcc -o conftest -Wall -Wmissing-prototypes -Wpointer-arith -Wdeclaration-after-statement -Werror=vla -Wendif-labels -Wmissing-format-attribute -Wimplicit-fallthrough=3 -Wcast-function-type -Wshadow=compatible-local -Wformat-security -fno-strict-aliasing -fwrapv -fexcess-precision=standard -Wno-format-truncation -Wno-stringop-truncation -O2  -D_GNU_SOURCE    conftest.c -lz -lm  >&5
configure:15092: $? = 0
configure:15100: result: yes
configure:15107: checking for __builtin_unreachable
configure:15123: gcc -o conftest -Wall -Wmissing-prototypes -Wpointer-arith -Wdeclaration-after-statement -Werror=vla -Wendif-labels -Wmissing-format-attribute -Wimplicit-fallthrough=3 -Wcast-function-type -Wshadow=compatible-local -Wformat-security -fno-strict-aliasing -fwrapv -fexcess-precision=standard -Wno-format-truncation -Wno-stringop-truncation -O2  -D_GNU_SOURCE    conftest.c -lz -lm  >&5
configure:15123: $? = 0
configure:15131: result: yes
configure:15138: checking for computed goto support
configure:15158: gcc -c -Wall -Wmissing-prototypes -Wpointer-arith -Wdeclaration-after-statement -Werror=vla -Wendif-labels -Wmissing-format-attribute -Wimplicit-fallthrough=3 -Wcast-function-type -Wshadow=compatible-local -Wformat-security -fno-strict-aliasing -fwrapv -fexcess-precision=standard -Wno-format-truncation -Wno-stringop-truncation -O2  -D_GNU_SOURCE  conftest.c >&5
configure:15158: $? = 0
configure:15165: result: yes
configure:15172: checking for struct tm.tm_zone
configure:15172: gcc -c -Wall -Wmissing-prototypes -Wpointer-arith -Wdeclaration-after-statement -Werror=vla -Wendif-labels -Wmissing-format-attribute -Wimplicit-fallthrough=3 -Wcast-function-type -Wshadow=compatible-local -Wformat-security -fno-strict-aliasing -fwrapv -fexcess-precision=standard -Wno-format-truncation -Wno-stringop-truncation -O2  -D_GNU_SOURCE  conftest.c >&5
configure:15172: $? = 0
configure:15172: result: yes
configure:15186: checking for union semun
configure:15186: gcc -c -Wall -Wmissing-prototypes -Wpointer-arith -Wdeclaration-after-statement -Werror=vla -Wendif-labels -Wmissing-format-attribute -Wimplicit-fallthrough=3 -Wcast-function-type -Wshadow=compatible-local -Wformat-security -fno-strict-aliasing -fwrapv -fexcess-precision=standard -Wno-format-truncation -Wno-stringop-truncation -O2  -D_GNU_SOURCE  conftest.c >&5
conftest.c: In function 'main':
conftest.c:66:13: error: invalid application of 'sizeof' to incomplete type 'union semun'
   66 | if (sizeof (union semun))
      |             ^~~~~
configure:15186: $? = 1
configure: failed program was:
| /* confdefs.h */
| #define PACKAGE_NAME "PostgreSQL"
| #define PACKAGE_TARNAME "postgresql"
| #define PACKAGE_VERSION "19devel"
| #define PACKAGE_STRING "PostgreSQL 19devel"
| #define PACKAGE_BUGREPORT "pgsql-bugs@lists.postgresql.org"
| #define PACKAGE_URL "https://www.postgresql.org/"
| #define CONFIGURE_ARGS " '--prefix=/tmp/pg_install' '--enable-cassert' '--without-readline'"
| #define PG_MAJORVERSION "19"
| #define PG_MAJORVERSION_NUM 19
| #define PG_MINORVERSION_NUM 0
| #define PG_VERSION "19devel"
| #define DEF_PGPORT 5432
| #define DEF_PGPORT_STR "5432"
| #define BLCKSZ 8192
| #define RELSEG_SIZE 131072
| #define XLOG_BLCKSZ 8192
| #define HAVE_VISIBILITY_ATTRIBUTE 1
| #define DLSUFFIX ".so"
| #define USE_ASSERT_CHECKING 1
| #define USE_ICU 1
| #define PG_KRB_SRVNAM "postgres"
| #define STDC_HEADERS 1
| #define HAVE_SYS_TYPES_H 1
| #define HAVE_SYS_STAT_H 1
| #define HAVE_STDLIB_H 1
| #define HAVE_STRING_H 1
| #define HAVE_MEMORY_H 1
| #define HAVE_STRINGS_H 1
| #define HAVE_INTTYPES_H 1
| #define HAVE_STDINT_H 1
| #define HAVE_UNISTD_H 1
| #define HAVE_PTHREAD_PRIO_INHERIT 1
| #define HAVE_PTHREAD 1
| #define HAVE_STRERROR_R 1
| #define HAVE_LIBM 1
| #define HAVE_LIBZ 1
| #define HAVE_EXECINFO_H 1
| #define HAVE_GETOPT_H 1
| #define HAVE_IFADDRS_H 1
| #define HAVE_SYS_EPOLL_H 1
| #define HAVE_SYS_PERSONALITY_H 1
| #define HAVE_SYS_PRCTL_H 1
| #define HAVE_SYS_SIGNALFD_H 1
| #define HAVE_TERMIOS_H 1
| #define HAVE_UCHAR_H 1
| #define PG_C_PRINTF_ATTRIBUTE gnu_printf
| #define PG_CXX_PRINTF_ATTRIBUTE gnu_printf
| #define HAVE_STATEMENT_EXPRESSIONS 1
| #define HAVE_TYPEOF 1
| #define HAVE__BUILTIN_TYPES_COMPATIBLE_P 1
| #define HAVE__BUILTIN_CONSTANT_P 1
| #define HAVE__BUILTIN_OP_OVERFLOW 1
| #define HAVE__BUILTIN_UNREACHABLE 1
| #define HAVE_COMPUTED_GOTO 1
| #define HAVE_STRUCT_TM_TM_ZONE 1
| /* end confdefs.h.  */
| #include <sys/types.h>
| #include <sys/ipc.h>
| #include <sys/sem.h>
| 
| 
| int
| main ()
| {
| if (sizeof (union semun))
| 	 return 0;
|   ;
|   return 0;
| }
configure:15186: result: no
configure:15200: checking for socklen_t
configure:15200: gcc -c -Wall -Wmissing-prototypes -Wpointer-arith -Wdeclaration-after-statement -Werror=vla -Wendif-labels -Wmissing-format-attribute -Wimplicit-fallthrough=3 -Wcast-function-type -Wshadow=compatible-local -Wformat-security -fno-strict-aliasing -fwrapv -fexcess-precision=standard -Wno-format-truncation -Wno-stringop-truncation -O2  -D_GNU_SOURCE  conftest.c >&5
configure:15200: $? = 0
configure:15200: gcc -c -Wall -Wmissing-prototypes -Wpointer-arith -Wdeclaration-after-statement -Werror=vla -Wendif-labels -Wmissing-format-attribute -Wimplicit-fallthrough=3 -Wcast-function-type -Wshadow=compatible-local -Wformat-security -fno-strict-aliasing -fwrapv -fexcess-precision=standard -Wno-format-truncation -Wno-stringop-truncation -O2  -D_GNU_SOURCE  conftest.c >&5
conftest.c: In function 'main':
conftest.c:63:24: error: expected expression before ')' token
   63 | if (sizeof ((socklen_t)))
      |                        ^
configure:15200: $? = 1
configure: failed program was:
| /* confdefs.h */
| #define PACKAGE_NAME "PostgreSQL"
| #define PACKAGE_TARNAME "postgresql"
| #define PACKAGE_VERSION "19devel"
| #define PACKAGE_STRING "PostgreSQL 19devel"
| #define PACKAGE_BUGREPORT "pgsql-bugs@lists.postgresql.org"
| #define PACKAGE_URL "https://www.postgresql.org/"
| #define CONFIGURE_ARGS " '--prefix=/tmp/pg_install' '--enable-cassert' '--without-readline'"
| #define PG_MAJORVERSION "19"
| #define PG_MAJORVERSION_NUM 19
| #define PG_MINORVERSION_NUM 0
| #define PG_VERSION "19devel"
| #define DEF_PGPORT 5432
| #define DEF_PGPORT_STR "5432"
| #define BLCKSZ 8192
| #define RELSEG_SIZE 131072
| #define XLOG_BLCKSZ 8192
| #define HAVE_VISIBILITY_ATTRIBUTE 1
| #define DLSUFFIX ".so"
| #define USE_ASSERT_CHECKING 1
| #define USE_ICU 1
| #define PG_KRB_SRVNAM "postgres"
| #define STDC_HEADERS 1
| #define HAVE_SYS_TYPES_H 1
| #define HAVE_SYS_STAT_H 1
| #define HAVE_STDLIB_H 1
| #define HAVE_STRING_H 1
| #define HAVE_MEMORY_H 1
| #define HAVE_STRINGS_H 1
| #define HAVE_INTTYPES_H 1
| #define HAVE_STDINT_H 1
| #define HAVE_UNISTD_H 1
| #define HAVE_PTHREAD_PRIO_INHERIT 1
| #define HAVE_PTHREAD 1
| #define HAVE_STRERROR_R 1
| #define HAVE_LIBM 1
| #define HAVE_LIBZ 1
| #define HAVE_EXECINFO_H 1
| #define HAVE_GETOPT_H 1
| #define HAVE_IFADDRS_H 1
| #define HAVE_SYS_EPOLL_H 1
| #define HAVE_SYS_PERSONALITY_H 1
| #define HAVE_SYS_PRCTL_H 1
| #define HAVE_SYS_SIGNALFD_H 1
| #define HAVE_TERMIOS_H 1
| #define HAVE_UCHAR_H 1
| #define PG_C_PRINTF_ATTRIBUTE gnu_printf
| #define PG_CXX_PRINTF_ATTRIBUTE gnu_printf
| #define HAVE_STATEMENT_EXPRESSIONS 1
| #define HAVE_TYPEOF 1
| #define HAVE__BUILTIN_TYPES_COMPATIBLE_P 1
| #define HAVE__BUILTIN_CONSTANT_P 1
| #define HAVE__BUILTIN_OP_OVERFLOW 1
| #define HAVE__BUILTIN_UNREACHABLE 1
| #define HAVE_COMPUTED_GOTO 1
| #define HAVE_STRUCT_TM_TM_ZONE 1
| /* end confdefs.h.  */
| #include <sys/socket.h>
| 
| int
| main ()
| {
| if (sizeof ((socklen_t)))
| 	    return 0;
|   ;
|   return 0;
| }
configure:15200: result: yes
configure:15211: checking for struct sockaddr.sa_len
configure:15211: gcc -c -Wall -Wmissing-prototypes -Wpointer-arith -Wdeclaration-after-statement -Werror=vla -Wendif-labels -Wmissing-format-attribute -Wimplicit-fallthrough=3 -Wcast-function-type -Wshadow=compatible-local -Wformat-security -fno-strict-aliasing -fwrapv -fexcess-precision=standard -Wno-format-truncation -Wno-stringop-truncation -O2  -D_GNU_SOURCE  conftest.c >&5
conftest.c: In function 'main':
conftest.c:67:12: error: 'struct sockaddr' has no member named 'sa_len'
   67 | if (ac_aggr.sa_len)
      |            ^
conftest.c:66:24: warning: variable 'ac_aggr' set but not used [-Wunused-but-set-variable]
   66 | static struct sockaddr ac_aggr;
      |                        ^~~~~~~
configure:15211: $? = 1
configure: failed program was:
| /* confdefs.h */
| #define PACKAGE_NAME "PostgreSQL"
| #define PACKAGE_TARNAME "postgresql"
| #define PACKAGE_VERSION "19devel"
| #define PACKAGE_STRING "PostgreSQL 19devel"
| #define PACKAGE_BUGREPORT "pgsql-bugs@lists.postgresql.org"
| #define PACKAGE_URL "https://www.postgresql.org/"
| #define CONFIGURE_ARGS " '--prefix=/tmp/pg_install' '--enable-cassert' '--without-readline'"
| #define PG_MAJORVERSION "19"
| #define PG_MAJORVERSION_NUM 19
| #define PG_MINORVERSION_NUM 0
| #define PG_VERSION "19devel"
| #define DEF_PGPORT 5432
| #define DEF_PGPORT_STR "5432"
| #define BLCKSZ 8192
| #define RELSEG_SIZE 131072
| #define XLOG_BLCKSZ 8192
| #define HAVE_VISIBILITY_ATTRIBUTE 1
| #define DLSUFFIX ".so"
| #define USE_ASSERT_CHECKING 1
| #define USE_ICU 1
| #define PG_KRB_SRVNAM "postgres"
| #define STDC_HEADERS 1
| #define HAVE_SYS_TYPES_H 1
| #define HAVE_SYS_STAT_H 1
| #define HAVE_STDLIB_H 1
| #define HAVE_STRING_H 1
| #define HAVE_MEMORY_H 1
| #define HAVE_STRINGS_H 1
| #define HAVE_INTTYPES_H 1
| #define HAVE_STDINT_H 1
| #define HAVE_UNISTD_H 1
| #define HAVE_PTHREAD_PRIO_INHERIT 1
| #define HAVE_PTHREAD 1
| #define HAVE_STRERROR_R 1
| #define HAVE_LIBM 1
| #define HAVE_LIBZ 1
| #define HAVE_EXECINFO_H 1
| #define HAVE_GETOPT_H 1
| #define HAVE_IFADDRS_H 1
| #define HAVE_SYS_EPOLL_H 1
| #define HAVE_SYS_PERSONALITY_H 1
| #define HAVE_SYS_PRCTL_H 1
| #define HAVE_SYS_SIGNALFD_H 1
| #define HAVE_TERMIOS_H 1
| #define HAVE_UCHAR_H 1
| #define PG_C_PRINTF_ATTRIBUTE gnu_printf
| #define PG_CXX_PRINTF_ATTRIBUTE gnu_printf
| #define HAVE_STATEMENT_EXPRESSIONS 1
| #define HAVE_TYPEOF 1
| #define HAVE__BUILTIN_TYPES_COMPATIBLE_P 1
| #define HAVE__BUILTIN_CONSTANT_P 1
| #define HAVE__BUILTIN_OP_OVERFLOW 1
| #define HAVE__BUILTIN_UNREACHABLE 1
| #define HAVE_COMPUTED_GOTO 1
| #define HAVE_STRUCT_TM_TM_ZONE 1
| #define HAVE_SOCKLEN_T 1
| /* end confdefs.h.  */
| #include <sys/types.h>
| #include <sys/socket.h>
| 
| 
| int
| main ()
| {
| static struct sockaddr ac_aggr;
| if (ac_aggr.sa_len)
| return 0;
|   ;
|   return 0;
| }
configure:15211: gcc -c -Wall -Wmissing-prototypes -Wpointer-arith -Wdeclaration-after-statement -Werror=vla -Wendif-labels -Wmissing-format-attribute -Wimplicit-fallthrough=3 -Wcast-function-type -Wshadow=compatible-local -Wformat-security -fno-strict-aliasing -fwrapv -fexcess-precision=standard -Wno-format-truncation -Wno-stringop-truncation -O2  -D_GNU_SOURCE  conftest.c >&5
conftest.c: In function 'main':
conftest.c:67:19: error: 'struct sockaddr' has no member named 'sa_len'
   67 | if (sizeof ac_aggr.sa_len)
      |                   ^
conftest.c:66:24: warning: variable 'ac_aggr' set but not used [-Wunused-but-set-variable]
   66 | static struct sockaddr ac_aggr;
      |                        ^~~~~~~
configure:15211: $? = 1
configure: failed program was:
| /* confdefs.h */
| #define PACKAGE_NAME "PostgreSQL"
| #define PACKAGE_TARNAME "postgresql"
| #define PACKAGE_VERSION "19devel"
| #define PACKAGE_STRING "PostgreSQL 19devel"
| #define PACKAGE_BUGREPORT "pgsql-bugs@lists.postgresql.org"
| #define PACKAGE_URL "https://www.postgresql.org/"
| #define CONFIGURE_ARGS " '--prefix=/tmp/pg_install' '--enable-cassert' '--without-readline'"
| #define PG_MAJORVERSION "19"
| #define PG_MAJORVERSION_NUM 19
| #define PG_MINORVERSION_NUM 0
| #define PG_VERSION "19devel"
| #define DEF_PGPORT 5432
| #define DEF_PGPORT_STR "5432"
| #define BLCKSZ 8192
| #define RELSEG_SIZE 131072
| #define XLOG_BLCKSZ 8192
| #define HAVE_VISIBILITY_ATTRIBUTE 1
| #define DLSUFFIX ".so"
| #define USE_ASSERT_CHECKING 1
| #define USE_ICU 1
| #define PG_KRB_SRVNAM "postgres"
| #define STDC_HEADERS 1
| #define HAVE_SYS_TYPES_H 1
| #define HAVE_SYS_STAT_H 1
| #define HAVE_STDLIB_H 1
| #define HAVE_STRING_H 1
| #define HAVE_MEMORY_H 1
| #define HAVE_STRINGS_H 1
| #define HAVE_INTTYPES_H 1
| #define HAVE_STDINT_H 1
| #define HAVE_UNISTD_H 1
| #define HAVE_PTHREAD_PRIO_INHERIT 1
| #define HAVE_PTHREAD 1
| #define HAVE_STRERROR_R 1
| #define HAVE_LIBM 1
| #define HAVE_LIBZ 1
| #define HAVE_EXECINFO_H 1
| #define HAVE_GETOPT_H 1
| #define HAVE_IFADDRS_H 1
| #define HAVE_SYS_EPOLL_H 1
| #define HAVE_SYS_PERSONALITY_H 1
| #define HAVE_SYS_PRCTL_H 1
| #define HAVE_SYS_SIGNALFD_H 1
| #define HAVE_TERMIOS_H 1
| #define HAVE_UCHAR_H 1
| #define PG_C_PRINTF_ATTRIBUTE gnu_printf
| #define PG_CXX_PRINTF_ATTRIBUTE gnu_printf
| #define HAVE_STATEMENT_EXPRESSIONS 1
| #define HAVE_TYPEOF 1
| #define HAVE__BUILTIN_TYPES_COMPATIBLE_P 1
| #define HAVE__BUILTIN_CONSTANT_P 1
| #define HAVE__BUILTIN_OP_OVERFLOW 1
| #define HAVE__BUILTIN_UNREACHABLE 1
| #define HAVE_COMPUTED_GOTO 1
| #define HAVE_STRUCT_TM_TM_ZONE 1
| #define HAVE_SOCKLEN_T 1
| /* end confdefs.h.  */
| #include <sys/types.h>
| #include <sys/socket.h>
| 
| 
| int
| main ()
| {
| static struct sockaddr ac_aggr;
| if (sizeof ac_aggr.sa_len)
| return 0;
|   ;
|   return 0;
| }
configure:15211: result: no
configure:15229: checking for C/C++ restrict keyword
configure:15254: gcc -c -Wall -Wmissing-prototypes -Wpointer-arith -Wdeclaration-after-statement -Werror=vla -Wendif-labels -Wmissing-format-attribute -Wimplicit-fallthrough=3 -Wcast-function-type -Wshadow=compatible-local -Wformat-security -fno-strict-aliasing -fwrapv -fexcess-precision=standard -Wno-format-truncation -Wno-stringop-truncation -O2  -D_GNU_SOURCE  conftest.c >&5
conftest.c:60:13: warning: no previous prototype for 'foo' [-Wmissing-prototypes]
   60 |         int foo (int_ptr __restrict ip) {
      |             ^~~
configure:15254: $? = 0
configure:15262: result: __restrict
configure:15286: checking for struct option
configure:15286: gcc -c -Wall -Wmissing-prototypes -Wpointer-arith -Wdeclaration-after-statement -Werror=vla -Wendif-labels -Wmissing-format-attribute -Wimplicit-fallthrough=3 -Wcast-function-type -Wshadow=compatible-local -Wformat-security -fno-strict-aliasing -fwrapv -fexcess-precision=standard -Wno-format-truncation -Wno-stringop-truncation -O2  -D_GNU_SOURCE  conftest.c >&5
configure:15286: $? = 0
configure:15286: gcc -c -Wall -Wmissing-prototypes -Wpointer-arith -Wdeclaration-after-statement -Werror=vla -Wendif-labels -Wmissing-format-attribute -Wimplicit-fallthrough=3 -Wcast-function-type -Wshadow=compatible-local -Wformat-security -fno-strict-aliasing -fwrapv -fexcess-precision=standard -Wno-format-truncation -Wno-stringop-truncation -O2  -D_GNU_SOURCE  conftest.c >&5
conftest.c: In function 'main':
conftest.c:68:28: error: expected expression before ')' token
   68 | if (sizeof ((struct option)))
      |                            ^
configure:15286: $? = 1
configure: failed program was:
| /* confdefs.h */
| #define PACKAGE_NAME "PostgreSQL"
| #define PACKAGE_TARNAME "postgresql"
| #define PACKAGE_VERSION "19devel"
| #define PACKAGE_STRING "PostgreSQL 19devel"
| #define PACKAGE_BUGREPORT "pgsql-bugs@lists.postgresql.org"
| #define PACKAGE_URL "https://www.postgresql.org/"
| #define CONFIGURE_ARGS " '--prefix=/tmp/pg_install' '--enable-cassert' '--without-readline'"
| #define PG_MAJORVERSION "19"
| #define PG_MAJORVERSION_NUM 19
| #define PG_MINORVERSION_NUM 0
| #define PG_VERSION "19devel"
| #define DEF_PGPORT 5432
| #define DEF_PGPORT_STR "5432"
| #define BLCKSZ 8192
| #define RELSEG_SIZE 131072
| #define XLOG_BLCKSZ 8192
| #define HAVE_VISIBILITY_ATTRIBUTE 1
| #define DLSUFFIX ".so"
| #define USE_ASSERT_CHECKING 1
| #define USE_ICU 1
| #define PG_KRB_SRVNAM "postgres"
| #define STDC_HEADERS 1
| #define HAVE_SYS_TYPES_H 1
| #define HAVE_SYS_STAT_H 1
| #define HAVE_STDLIB_H 1
| #define HAVE_STRING_H 1
| #define HAVE_MEMORY_H 1
| #define HAVE_STRINGS_H 1
| #define HAVE_INTTYPES_H 1
| #define HAVE_STDINT_H 1
| #define HAVE_UNISTD_H 1
| #define HAVE_PTHREAD_PRIO_INHERIT 1
| #define HAVE_PTHREAD 1
| #define HAVE_STRERROR_R 1
| #define HAVE_LIBM 1
| #define HAVE_LIBZ 1
| #define HAVE_EXECINFO_H 1
| #define HAVE_GETOPT_H 1
| #define HAVE_IFADDRS_H 1
| #define HAVE_SYS_EPOLL_H 1
| #define HAVE_SYS_PERSONALITY_H 1
| #define HAVE_SYS_PRCTL_H 1
| #define HAVE_SYS_SIGNALFD_H 1
| #define HAVE_TERMIOS_H 1
| #define HAVE_UCHAR_H 1
| #define PG_C_PRINTF_ATTRIBUTE gnu_printf
| #define PG_CXX_PRINTF_ATTRIBUTE gnu_printf
| #define HAVE_STATEMENT_EXPRESSIONS 1
| #define HAVE_TYPEOF 1
| #define HAVE__BUILTIN_TYPES_COMPATIBLE_P 1
| #define HAVE__BUILTIN_CONSTANT_P 1
| #define HAVE__BUILTIN_OP_OVERFLOW 1
| #define HAVE__BUILTIN_UNREACHABLE 1
| #define HAVE_COMPUTED_GOTO 1
| #define HAVE_STRUCT_TM_TM_ZONE 1
| #define HAVE_SOCKLEN_T 1
| #define restrict __restrict
| #define pg_restrict __restrict
| /* end confdefs.h.  */
| #ifdef HAVE_GETOPT_H
| #include <getopt.h>
| #endif
| 
| int
| main ()
| {
| if (sizeof ((struct option)))
| 	    return 0;
|   ;
|   return 0;
| }
configure:15286: result: yes
configure:15303: checking whether assembler supports x86_64 popcntq
configure:15320: gcc -c -Wall -Wmissing-prototypes -Wpointer-arith -Wdeclaration-after-statement -Werror=vla -Wendif-labels -Wmissing-format-attribute -Wimplicit-fallthrough=3 -Wcast-function-type -Wshadow=compatible-local -Wformat-security -fno-strict-aliasing -fwrapv -fexcess-precision=standard -Wno-format-truncation -Wno-stringop-truncation -O2  -D_GNU_SOURCE  conftest.c >&5
configure:15320: $? = 0
configure:15327: result: yes
configure:15391: checking for special C compiler options needed for large files
configure:15436: result: no
configure:15442: checking for _FILE_OFFSET_BITS value needed for large files
configure:15467: gcc -c -Wall -Wmissing-prototypes -Wpointer-arith -Wdeclaration-after-statement -Werror=vla -Wendif-labels -Wmissing-format-attribute -Wimplicit-fallthrough=3 -Wcast-function-type -Wshadow=compatible-local -Wformat-security -fno-strict-aliasing -fwrapv -fexcess-precision=standard -Wno-format-truncation -Wno-stringop-truncation -O2  -D_GNU_SOURCE  conftest.c >&5
configure:15467: $? = 0
configure:15499: result: no
configure:15591: checking size of off_t
configure:15596: gcc -o conftest -Wall -Wmissing-prototypes -Wpointer-arith -Wdeclaration-after-statement -Werror=vla -Wendif-labels -Wmissing-format-attribute -Wimplicit-fallthrough=3 -Wcast-function-type -Wshadow=compatible-local -Wformat-security -fno-strict-aliasing -fwrapv -fexcess-precision=standard -Wno-format-truncation -Wno-stringop-truncation -O2  -D_GNU_SOURCE    conftest.c -lz -lm  >&5
configure:15596: $? = 0
configure:15596: ./conftest
configure:15596: $? = 0
configure:15610: result: 8
configure:15633: checking for int timezone
configure:15654: gcc -o conftest -Wall -Wmissing-prototypes -Wpointer-arith -Wdeclaration-after-statement -Werror=vla -Wendif-labels -Wmissing-format-attribute -Wimplicit-fallthrough=3 -Wcast-function-type -Wshadow=compatible-local -Wformat-security -fno-strict-aliasing -fwrapv -fexcess-precision=standard -Wno-format-truncation -Wno-stringop-truncation -O2  -D_GNU_SOURCE    conftest.c -lz -lm  >&5
configure:15654: $? = 0
configure:15662: result: yes
configure:15680: checking for backtrace_symbols
configure:15680: gcc -o conftest -Wall -Wmissing-prototypes -Wpointer-arith -Wdeclaration-after-statement -Werror=vla -Wendif-labels -Wmissing-format-attribute -Wimplicit-fallthrough=3 -Wcast-function-type -Wshadow=compatible-local -Wformat-security -fno-strict-aliasing -fwrapv -fexcess-precision=standard -Wno-format-truncation -Wno-stringop-truncation -O2  -D_GNU_SOURCE    conftest.c -lz -lm  >&5
configure:15680: $? = 0
configure:15680: result: yes
configure:15680: checking for copyfile
configure:15680: gcc -o conftest -Wall -Wmissing-prototypes -Wpointer-arith -Wdeclaration-after-statement -Werror=vla -Wendif-labels -Wmissing-format-attribute -Wimplicit-fallthrough=3 -Wcast-function-type -Wshadow=compatible-local -Wformat-security -fno-strict-aliasing -fwrapv -fexcess-precision=standard -Wno-format-truncation -Wno-stringop-truncation -O2  -D_GNU_SOURCE    conftest.c -lz -lm  >&5
/usr/bin/ld: /tmp/ccJ9OLIJ.o: in function `main':
conftest.c:(.text.startup+0xb): undefined reference to `copyfile'
collect2: error: ld returned 1 exit status
configure:15680: $? = 1
configure: failed program was:
| /* confdefs.h */
| #define PACKAGE_NAME "PostgreSQL"
| #define PACKAGE_TARNAME "postgresql"
| #define PACKAGE_VERSION "19devel"
| #define PACKAGE_STRING "PostgreSQL 19devel"
| #define PACKAGE_BUGREPORT "pgsql-bugs@lists.postgresql.org"
| #define PACKAGE_URL "https://www.postgresql.org/"
| #define CONFIGURE_ARGS " '--prefix=/tmp/pg_install' '--enable-cassert' '--without-readline'"
| #define PG_MAJORVERSION "19"
| #define PG_MAJORVERSION_NUM 19
| #define PG_MINORVERSION_NUM 0
| #define PG_VERSION "19devel"
| #define DEF_PGPORT 5432
| #define DEF_PGPORT_STR "5432"
| #define BLCKSZ 8192
| #define RELSEG_SIZE 131072
| #define XLOG_BLCKSZ 8192
| #define HAVE_VISIBILITY_ATTRIBUTE 1
| #define DLSUFFIX ".so"
| #define USE_ASSERT_CHECKING 1
| #define USE_ICU 1
| #define PG_KRB_SRVNAM "postgres"
| #define STDC_HEADERS 1
| #define HAVE_SYS_TYPES_H 1
| #define HAVE_SYS_STAT_H 1
| #define HAVE_STDLIB_H 1
| #define HAVE_STRING_H 1
| #define HAVE_MEMORY_H 1
| #define HAVE_STRINGS_H 1
| #define HAVE_INTTYPES_H 1
| #define HAVE_STDINT_H 1
| #define HAVE_UNISTD_H 1
| #define HAVE_PTHREAD_PRIO_INHERIT 1
| #define HAVE_PTHREAD 1
| #define HAVE_STRERROR_R 1
| #define HAVE_LIBM 1
| #define HAVE_LIBZ 1
| #define HAVE_EXECINFO_H 1
| #define HAVE_GETOPT_H 1
| #define HAVE_IFADDRS_H 1
| #define HAVE_SYS_EPOLL_H 1
| #define HAVE_SYS_PERSONALITY_H 1
| #define HAVE_SYS_PRCTL_H 1
| #define HAVE_SYS_SIGNALFD_H 1
| #define HAVE_TERMIOS_H 1
| #define HAVE_UCHAR_H 1
| #define PG_C_PRINTF_ATTRIBUTE gnu_printf
| #define PG_CXX_PRINTF_ATTRIBUTE gnu_printf
| #define HAVE_STATEMENT_EXPRESSIONS 1
| #define HAVE_TYPEOF 1
| #define HAVE__BUILTIN_TYPES_COMPATIBLE_P 1
| #define HAVE__BUILTIN_CONSTANT_P 1
| #define HAVE__BUILTIN_OP_OVERFLOW 1
| #define HAVE__BUILTIN_UNREACHABLE 1
| #define HAVE_COMPUTED_GOTO 1
| #define HAVE_STRUCT_TM_TM_ZONE 1
| #define HAVE_SOCKLEN_T 1
| #define restrict __restrict
| #define pg_restrict __restrict
| #define HAVE_STRUCT_OPTION 1
| #define HAVE_X86_64_POPCNTQ 1
| #define SIZEOF_OFF_T 8
| #define HAVE_INT_TIMEZONE 1
| #define HAVE_BACKTRACE_SYMBOLS 1
| /* end confdefs.h.  */
| /* Define copyfile to an innocuous variant, in case <limits.h> declares copyfile.
|    For example, HP-UX 11i <limits.h> declares gettimeofday.  */
| #define copyfile innocuous_copyfile
| 
| /* System header to define __stub macros and hopefully few prototypes,
|     which can conflict with char copyfile (); below.
|     Prefer <limits.h> to <assert.h> if __STDC__ is defined, since
|     <limits.h> exists even on freestanding compilers.  */
| 
| #ifdef __STDC__
| # include <limits.h>
| #else
| # include <assert.h>
| #endif
| 
| #undef copyfile
| 
| /* Override any GCC internal prototype to avoid an error.
|    Use char because int might match the return type of a GCC
|    builtin and then its argument prototype would still apply.  */
| #ifdef __cplusplus
| extern "C"
| #endif
| char copyfile ();
| /* The GNU C library defines this for functions which it implements
|     to always fail with ENOSYS.  Some functions are actually named
|     something starting with __ and the normal name is an alias.  */
| #if defined __stub_copyfile || defined __stub___copyfile
| choke me
| #endif
| 
| int
| main ()
| {
| return copyfile ();
|   ;
|   return 0;
| }
configure:15680: result: no
configure:15680: checking for copy_file_range
configure:15680: gcc -o conftest -Wall -Wmissing-prototypes -Wpointer-arith -Wdeclaration-after-statement -Werror=vla -Wendif-labels -Wmissing-format-attribute -Wimplicit-fallthrough=3 -Wcast-function-type -Wshadow=compatible-local -Wformat-security -fno-strict-aliasing -fwrapv -fexcess-precision=standard -Wno-format-truncation -Wno-stringop-truncation -O2  -D_GNU_SOURCE    conftest.c -lz -lm  >&5
configure:15680: $? = 0
configure:15680: result: yes
configure:15680: checking for elf_aux_info
configure:15680: gcc -o conftest -Wall -Wmissing-prototypes -Wpointer-arith -Wdeclaration-after-statement -Werror=vla -Wendif-labels -Wmissing-format-attribute -Wimplicit-fallthrough=3 -Wcast-function-type -Wshadow=compatible-local -Wformat-security -fno-strict-aliasing -fwrapv -fexcess-precision=standard -Wno-format-truncation -Wno-stringop-truncation -O2  -D_GNU_SOURCE    conftest.c -lz -lm  >&5
/usr/bin/ld: /tmp/cctbWjtf.o: in function `main':
conftest.c:(.text.startup+0xb): undefined reference to `elf_aux_info'
collect2: error: ld returned 1 exit status
configure:15680: $? = 1
configure: failed program was:
| /* confdefs.h */
| #define PACKAGE_NAME "PostgreSQL"
| #define PACKAGE_TARNAME "postgresql"
| #define PACKAGE_VERSION "19devel"
| #define PACKAGE_STRING "PostgreSQL 19devel"
| #define PACKAGE_BUGREPORT "pgsql-bugs@lists.postgresql.org"
| #define PACKAGE_URL "https://www.postgresql.org/"
| #define CONFIGURE_ARGS " '--prefix=/tmp/pg_install' '--enable-cassert' '--without-readline'"
| #define PG_MAJORVERSION "19"
| #define PG_MAJORVERSION_NUM 19
| #define PG_MINORVERSION_NUM 0
| #define PG_VERSION "19devel"
| #define DEF_PGPORT 5432
| #define DEF_PGPORT_STR "5432"
| #define BLCKSZ 8192
| #define RELSEG_SIZE 131072
| #define XLOG_BLCKSZ 8192
| #define HAVE_VISIBILITY_ATTRIBUTE 1
| #define DLSUFFIX ".so"
| #define USE_ASSERT_CHECKING 1
| #define USE_ICU 1
| #define PG_KRB_SRVNAM "postgres"
| #define STDC_HEADERS 1
| #define HAVE_SYS_TYPES_H 1
| #define HAVE_SYS_STAT_H 1
| #define HAVE_STDLIB_H 1
| #define HAVE_STRING_H 1
| #define HAVE_MEMORY_H 1
| #define HAVE_STRINGS_H 1
| #define HAVE_INTTYPES_H 1
| #define HAVE_STDINT_H 1
| #define HAVE_UNISTD_H 1
| #define HAVE_PTHREAD_PRIO_INHERIT 1
| #define HAVE_PTHREAD 1
| #define HAVE_STRERROR_R 1
| #define HAVE_LIBM 1
| #define HAVE_LIBZ 1
| #define HAVE_EXECINFO_H 1
| #define HAVE_GETOPT_H 1
| #define HAVE_IFADDRS_H 1
| #define HAVE_SYS_EPOLL_H 1
| #define HAVE_SYS_PERSONALITY_H 1
| #define HAVE_SYS_PRCTL_H 1
| #define HAVE_SYS_SIGNALFD_H 1
| #define HAVE_TERMIOS_H 1
| #define HAVE_UCHAR_H 1
| #define PG_C_PRINTF_ATTRIBUTE gnu_printf
| #define PG_CXX_PRINTF_ATTRIBUTE gnu_printf
| #define HAVE_STATEMENT_EXPRESSIONS 1
| #define HAVE_TYPEOF 1
| #define HAVE__BUILTIN_TYPES_COMPATIBLE_P 1
| #define HAVE__BUILTIN_CONSTANT_P 1
| #define HAVE__BUILTIN_OP_OVERFLOW 1
| #define HAVE__BUILTIN_UNREACHABLE 1
| #define HAVE_COMPUTED_GOTO 1
| #define HAVE_STRUCT_TM_TM_ZONE 1
| #define HAVE_SOCKLEN_T 1
| #define restrict __restrict
| #define pg_restrict __restrict
| #define HAVE_STRUCT_OPTION 1
| #define HAVE_X86_64_POPCNTQ 1
| #define SIZEOF_OFF_T 8
| #define HAVE_INT_TIMEZONE 1
| #define HAVE_BACKTRACE_SYMBOLS 1
| #define HAVE_COPY_FILE_RANGE 1
| /* end confdefs.h.  */
| /* Define elf_aux_info to an innocuous variant, in case <limits.h> declares elf_aux_info.
|    For example, HP-UX 11i <limits.h> declares gettimeofday.  */
| #define elf_aux_info innocuous_elf_aux_info
| 
| /* System header to define __stub macros and hopefully few prototypes,
|     which can conflict with char elf_aux_info (); below.
|     Prefer <limits.h> to <assert.h> if __STDC__ is defined, since
|     <limits.h> exists even on freestanding compilers.  */
| 
| #ifdef __STDC__
| # include <limits.h>
| #else
| # include <assert.h>
| #endif
| 
| #undef elf_aux_info
| 
| /* Override any GCC internal prototype to avoid an error.
|    Use char because int might match the return type of a GCC
|    builtin and then its argument prototype would still apply.  */
| #ifdef __cplusplus
| extern "C"
| #endif
| char elf_aux_info ();
| /* The GNU C library defines this for functions which it implements
|     to always fail with ENOSYS.  Some functions are actually named
|     something starting with __ and the normal name is an alias.  */
| #if defined __stub_elf_aux_info || defined __stub___elf_aux_info
| choke me
| #endif
| 
| int
| main ()
| {
| return elf_aux_info ();
|   ;
|   return 0;
| }
configure:15680: result: no
configure:15680: checking for getauxval
configure:15680: gcc -o conftest -Wall -Wmissing-prototypes -Wpointer-arith -Wdeclaration-after-statement -Werror=vla -Wendif-labels -Wmissing-format-attribute -Wimplicit-fallthrough=3 -Wcast-function-type -Wshadow=compatible-local -Wformat-security -fno-strict-aliasing -fwrapv -fexcess-precision=standard -Wno-format-truncation -Wno-stringop-truncation -O2  -D_GNU_SOURCE    conftest.c -lz -lm  >&5
configure:15680: $? = 0
configure:15680: result: yes
configure:15680: checking for getifaddrs
configure:15680: gcc -o conftest -Wall -Wmissing-prototypes -Wpointer-arith -Wdeclaration-after-statement -Werror=vla -Wendif-labels -Wmissing-format-attribute -Wimplicit-fallthrough=3 -Wcast-function-type -Wshadow=compatible-local -Wformat-security -fno-strict-aliasing -fwrapv -fexcess-precision=standard -Wno-format-truncation -Wno-stringop-truncation -O2  -D_GNU_SOURCE    conftest.c -lz -lm  >&5
configure:15680: $? = 0
configure:15680: result: yes
configure:15680: checking for getpeerucred
configure:15680: gcc -o conftest -Wall -Wmissing-prototypes -Wpointer-arith -Wdeclaration-after-statement -Werror=vla -Wendif-labels -Wmissing-format-attribute -Wimplicit-fallthrough=3 -Wcast-function-type -Wshadow=compatible-local -Wformat-security -fno-strict-aliasing -fwrapv -fexcess-precision=standard -Wno-format-truncation -Wno-stringop-truncation -O2  -D_GNU_SOURCE    conftest.c -lz -lm  >&5
/usr/bin/ld: /tmp/ccxgbxXL.o: in function `main':
conftest.c:(.text.startup+0xb): undefined reference to `getpeerucred'
collect2: error: ld returned 1 exit status
configure:15680: $? = 1
configure: failed program was:
| /* confdefs.h */
| #define PACKAGE_NAME "PostgreSQL"
| #define PACKAGE_TARNAME "postgresql"
| #define PACKAGE_VERSION "19devel"
| #define PACKAGE_STRING "PostgreSQL 19devel"
| #define PACKAGE_BUGREPORT "pgsql-bugs@lists.postgresql.org"
| #define PACKAGE_URL "https://www.postgresql.org/"
| #define CONFIGURE_ARGS " '--prefix=/tmp/pg_install' '--enable-cassert' '--without-readline'"
| #define PG_MAJORVERSION "19"
| #define PG_MAJORVERSION_NUM 19
| #define PG_MINORVERSION_NUM 0
| #define PG_VERSION "19devel"
| #define DEF_PGPORT 5432
| #define DEF_PGPORT_STR "5432"
| #define BLCKSZ 8192
| #define RELSEG_SIZE 131072
| #define XLOG_BLCKSZ 8192
| #define HAVE_VISIBILITY_ATTRIBUTE 1
| #define DLSUFFIX ".so"
| #define USE_ASSERT_CHECKING 1
| #define USE_ICU 1
| #define PG_KRB_SRVNAM "postgres"
| #define STDC_HEADERS 1
| #define HAVE_SYS_TYPES_H 1
| #define HAVE_SYS_STAT_H 1
| #define HAVE_STDLIB_H 1
| #define HAVE_STRING_H 1
| #define HAVE_MEMORY_H 1
| #define HAVE_STRINGS_H 1
| #define HAVE_INTTYPES_H 1
| #define HAVE_STDINT_H 1
| #define HAVE_UNISTD_H 1
| #define HAVE_PTHREAD_PRIO_INHERIT 1
| #define HAVE_PTHREAD 1
| #define HAVE_STRERROR_R 1
| #define HAVE_LIBM 1
| #define HAVE_LIBZ 1
| #define HAVE_EXECINFO_H 1
| #define HAVE_GETOPT_H 1
| #define HAVE_IFADDRS_H 1
| #define HAVE_SYS_EPOLL_H 1
| #define HAVE_SYS_PERSONALITY_H 1
| #define HAVE_SYS_PRCTL_H 1
| #define HAVE_SYS_SIGNALFD_H 1
| #define HAVE_TERMIOS_H 1
| #define HAVE_UCHAR_H 1
| #define PG_C_PRINTF_ATTRIBUTE gnu_printf
| #define PG_CXX_PRINTF_ATTRIBUTE gnu_printf
| #define HAVE_STATEMENT_EXPRESSIONS 1
| #define HAVE_TYPEOF 1
| #define HAVE__BUILTIN_TYPES_COMPATIBLE_P 1
| #define HAVE__BUILTIN_CONSTANT_P 1
| #define HAVE__BUILTIN_OP_OVERFLOW 1
| #define HAVE__BUILTIN_UNREACHABLE 1
| #define HAVE_COMPUTED_GOTO 1
| #define HAVE_STRUCT_TM_TM_ZONE 1
| #define HAVE_SOCKLEN_T 1
| #define restrict __restrict
| #define pg_restrict __restrict
| #define HAVE_STRUCT_OPTION 1
| #define HAVE_X86_64_POPCNTQ 1
| #define SIZEOF_OFF_T 8
| #define HAVE_INT_TIMEZONE 1
| #define HAVE_BACKTRACE_SYMBOLS 1
| #define HAVE_COPY_FILE_RANGE 1
| #define HAVE_GETAUXVAL 1
| #define HAVE_GETIFADDRS 1
| /* end confdefs.h.  */
| /* Define getpeerucred to an innocuous variant, in case <limits.h> declares getpeerucred.
|    For example, HP-UX 11i <limits.h> declares gettimeofday.  */
| #define getpeerucred innocuous_getpeerucred
| 
| /* System header to define __stub macros and hopefully few prototypes,
|     which can conflict with char getpeerucred (); below.
|     Prefer <limits.h> to <assert.h> if __STDC__ is defined, since
|     <limits.h> exists even on freestanding compilers.  */
| 
| #ifdef __STDC__
| # include <limits.h>
| #else
| # include <assert.h>
| #endif
| 
| #undef getpeerucred
| 
| /* Override any GCC internal prototype to avoid an error.
|    Use char because int might match the return type of a GCC
|    builtin and then its argument prototype would still apply.  */
| #ifdef __cplusplus
| extern "C"
| #endif
| char getpeerucred ();
| /* The GNU C library defines this for functions which it implements
|     to always fail with ENOSYS.  Some functions are actually named
|     something starting with __ and the normal name is an alias.  */
| #if defined __stub_getpeerucred || defined __stub___getpeerucred
| choke me
| #endif
| 
| int
| main ()
| {
| return getpeerucred ();
|   ;
|   return 0;
| }
configure:15680: result: no
configure:15680: checking for inet_pton
configure:15680: gcc -o conftest -Wall -Wmissing-prototypes -Wpointer-arith -Wdeclaration-after-statement -Werror=vla -Wendif-labels -Wmissing-format-attribute -Wimplicit-fallthrough=3 -Wcast-function-type -Wshadow=compatible-local -Wformat-security -fno-strict-aliasing -fwrapv -fexcess-precision=standard -Wno-format-truncation -Wno-stringop-truncation -O2  -D_GNU_SOURCE    conftest.c -lz -lm  >&5
configure:15680: $? = 0
configure:15680: result: yes
configure:15680: checking for kqueue
configure:15680: gcc -o conftest -Wall -Wmissing-prototypes -Wpointer-arith -Wdeclaration-after-statement -Werror=vla -Wendif-labels -Wmissing-format-attribute -Wimplicit-fallthrough=3 -Wcast-function-type -Wshadow=compatible-local -Wformat-security -fno-strict-aliasing -fwrapv -fexcess-precision=standard -Wno-format-truncation -Wno-stringop-truncation -O2  -D_GNU_SOURCE    conftest.c -lz -lm  >&5
/usr/bin/ld: /tmp/ccKpFKAm.o: in function `main':
conftest.c:(.text.startup+0xb): undefined reference to `kqueue'
collect2: error: ld returned 1 exit status
configure:15680: $? = 1
configure: failed program was:
| /* confdefs.h */
| #define PACKAGE_NAME "PostgreSQL"
| #define PACKAGE_TARNAME "postgresql"
| #define PACKAGE_VERSION "19devel"
| #define PACKAGE_STRING "PostgreSQL 19devel"
| #define PACKAGE_BUGREPORT "pgsql-bugs@lists.postgresql.org"
| #define PACKAGE_URL "https://www.postgresql.org/"
| #define CONFIGURE_ARGS " '--prefix=/tmp/pg_install' '--enable-cassert' '--without-readline'"
| #define PG_MAJORVERSION "19"
| #define PG_MAJORVERSION_NUM 19
| #define PG_MINORVERSION_NUM 0
| #define PG_VERSION "19devel"
| #define DEF_PGPORT 5432
| #define DEF_PGPORT_STR "5432"
| #define BLCKSZ 8192
| #define RELSEG_SIZE 131072
| #define XLOG_BLCKSZ 8192
| #define HAVE_VISIBILITY_ATTRIBUTE 1
| #define DLSUFFIX ".so"
| #define USE_ASSERT_CHECKING 1
| #define USE_ICU 1
| #define PG_KRB_SRVNAM "postgres"
| #define STDC_HEADERS 1
| #define HAVE_SYS_TYPES_H 1
| #define HAVE_SYS_STAT_H 1
| #define HAVE_STDLIB_H 1
| #define HAVE_STRING_H 1
| #define HAVE_MEMORY_H 1
| #define HAVE_STRINGS_H 1
| #define HAVE_INTTYPES_H 1
| #define HAVE_STDINT_H 1
| #define HAVE_UNISTD_H 1
| #define HAVE_PTHREAD_PRIO_INHERIT 1
| #define HAVE_PTHREAD 1
| #define HAVE_STRERROR_R 1
| #define HAVE_LIBM 1
| #define HAVE_LIBZ 1
| #define HAVE_EXECINFO_H 1
| #define HAVE_GETOPT_H 1
| #define HAVE_IFADDRS_H 1
| #define HAVE_SYS_EPOLL_H 1
| #define HAVE_SYS_PERSONALITY_H 1
| #define HAVE_SYS_PRCTL_H 1
| #define HAVE_SYS_SIGNALFD_H 1
| #define HAVE_TERMIOS_H 1
| #define HAVE_UCHAR_H 1
| #define PG_C_PRINTF_ATTRIBUTE gnu_printf
| #define PG_CXX_PRINTF_ATTRIBUTE gnu_printf
| #define HAVE_STATEMENT_EXPRESSIONS 1
| #define HAVE_TYPEOF 1
| #define HAVE__BUILTIN_TYPES_COMPATIBLE_P 1
| #define HAVE__BUILTIN_CONSTANT_P 1
| #define HAVE__BUILTIN_OP_OVERFLOW 1
| #define HAVE__BUILTIN_UNREACHABLE 1
| #define HAVE_COMPUTED_GOTO 1
| #define HAVE_STRUCT_TM_TM_ZONE 1
| #define HAVE_SOCKLEN_T 1
| #define restrict __restrict
| #define pg_restrict __restrict
| #define HAVE_STRUCT_OPTION 1
| #define HAVE_X86_64_POPCNTQ 1
| #define SIZEOF_OFF_T 8
| #define HAVE_INT_TIMEZONE 1
| #define HAVE_BACKTRACE_SYMBOLS 1
| #define HAVE_COPY_FILE_RANGE 1
| #define HAVE_GETAUXVAL 1
| #define HAVE_GETIFADDRS 1
| #define HAVE_INET_PTON 1
| /* end confdefs.h.  */
| /* Define kqueue to an innocuous variant, in case <limits.h> declares kqueue.
|    For example, HP-UX 11i <limits.h> declares gettimeofday.  */
| #define kqueue innocuous_kqueue
| 
| /* System header to define __stub macros and hopefully few prototypes,
|     which can conflict with char kqueue (); below.
|     Prefer <limits.h> to <assert.h> if __STDC__ is defined, since
|     <limits.h> exists even on freestanding compilers.  */
| 
| #ifdef __STDC__
| # include <limits.h>
| #else
| # include <assert.h>
| #endif
| 
| #undef kqueue
| 
| /* Override any GCC internal prototype to avoid an error.
|    Use char because int might match the return type of a GCC
|    builtin and then its argument prototype would still apply.  */
| #ifdef __cplusplus
| extern "C"
| #endif
| char kqueue ();
| /* The GNU C library defines this for functions which it implements
|     to always fail with ENOSYS.  Some functions are actually named
|     something starting with __ and the normal name is an alias.  */
| #if defined __stub_kqueue || defined __stub___kqueue
| choke me
| #endif
| 
| int
| main ()
| {
| return kqueue ();
|   ;
|   return 0;
| }
configure:15680: result: no
configure:15680: checking for localeconv_l
configure:15680: gcc -o conftest -Wall -Wmissing-prototypes -Wpointer-arith -Wdeclaration-after-statement -Werror=vla -Wendif-labels -Wmissing-format-attribute -Wimplicit-fallthrough=3 -Wcast-function-type -Wshadow=compatible-local -Wformat-security -fno-strict-aliasing -fwrapv -fexcess-precision=standard -Wno-format-truncation -Wno-stringop-truncation -O2  -D_GNU_SOURCE    conftest.c -lz -lm  >&5
/usr/bin/ld: /tmp/ccWNTr5w.o: in function `main':
conftest.c:(.text.startup+0xb): undefined reference to `localeconv_l'
collect2: error: ld returned 1 exit status
configure:15680: $? = 1
configure: failed program was:
| /* confdefs.h */
| #define PACKAGE_NAME "PostgreSQL"
| #define PACKAGE_TARNAME "postgresql"
| #define PACKAGE_VERSION "19devel"
| #define PACKAGE_STRING "PostgreSQL 19devel"
| #define PACKAGE_BUGREPORT "pgsql-bugs@lists.postgresql.org"
| #define PACKAGE_URL "https://www.postgresql.org/"
| #define CONFIGURE_ARGS " '--prefix=/tmp/pg_install' '--enable-cassert' '--without-readline'"
| #define PG_MAJORVERSION "19"
| #define PG_MAJORVERSION_NUM 19
| #define PG_MINORVERSION_NUM 0
| #define PG_VERSION "19devel"
| #define DEF_PGPORT 5432
| #define DEF_PGPORT_STR "5432"
| #define BLCKSZ 8192
| #define RELSEG_SIZE 131072
| #define XLOG_BLCKSZ 8192
| #define HAVE_VISIBILITY_ATTRIBUTE 1
| #define DLSUFFIX ".so"
| #define USE_ASSERT_CHECKING 1
| #define USE_ICU 1
| #define PG_KRB_SRVNAM "postgres"
| #define STDC_HEADERS 1
| #define HAVE_SYS_TYPES_H 1
| #define HAVE_SYS_STAT_H 1
| #define HAVE_STDLIB_H 1
| #define HAVE_STRING_H 1
| #define HAVE_MEMORY_H 1
| #define HAVE_STRINGS_H 1
| #define HAVE_INTTYPES_H 1
| #define HAVE_STDINT_H 1
| #define HAVE_UNISTD_H 1
| #define HAVE_PTHREAD_PRIO_INHERIT 1
| #define HAVE_PTHREAD 1
| #define HAVE_STRERROR_R 1
| #define HAVE_LIBM 1
| #define HAVE_LIBZ 1
| #define HAVE_EXECINFO_H 1
| #define HAVE_GETOPT_H 1
| #define HAVE_IFADDRS_H 1
| #define HAVE_SYS_EPOLL_H 1
| #define HAVE_SYS_PERSONALITY_H 1
| #define HAVE_SYS_PRCTL_H 1
| #define HAVE_SYS_SIGNALFD_H 1
| #define HAVE_TERMIOS_H 1
| #define HAVE_UCHAR_H 1
| #define PG_C_PRINTF_ATTRIBUTE gnu_printf
| #define PG_CXX_PRINTF_ATTRIBUTE gnu_printf
| #define HAVE_STATEMENT_EXPRESSIONS 1
| #define HAVE_TYPEOF 1
| #define HAVE__BUILTIN_TYPES_COMPATIBLE_P 1
| #define HAVE__BUILTIN_CONSTANT_P 1
| #define HAVE__BUILTIN_OP_OVERFLOW 1
| #define HAVE__BUILTIN_UNREACHABLE 1
| #define HAVE_COMPUTED_GOTO 1
| #define HAVE_STRUCT_TM_TM_ZONE 1
| #define HAVE_SOCKLEN_T 1
| #define restrict __restrict
| #define pg_restrict __restrict
| #define HAVE_STRUCT_OPTION 1
| #define HAVE_X86_64_POPCNTQ 1
| #define SIZEOF_OFF_T 8
| #define HAVE_INT_TIMEZONE 1
| #define HAVE_BACKTRACE_SYMBOLS 1
| #define HAVE_COPY_FILE_RANGE 1
| #define HAVE_GETAUXVAL 1
| #define HAVE_GETIFADDRS 1
| #define HAVE_INET_PTON 1
| /* end confdefs.h.  */
| /* Define localeconv_l to an innocuous variant, in case <limits.h> declares localeconv_l.
|    For example, HP-UX 11i <limits.h> declares gettimeofday.  */
| #define localeconv_l innocuous_localeconv_l
| 
| /* System header to define __stub macros and hopefully few prototypes,
|     which can conflict with char localeconv_l (); below.
|     Prefer <limits.h> to <assert.h> if __STDC__ is defined, since
|     <limits.h> exists even on freestanding compilers.  */
| 
| #ifdef __STDC__
| # include <limits.h>
| #else
| # include <assert.h>
| #endif
| 
| #undef localeconv_l
| 
| /* Override any GCC internal prototype to avoid an error.
|    Use char because int might match the return type of a GCC
|    builtin and then its argument prototype would still apply.  */
| #ifdef __cplusplus
| extern "C"
| #endif
| char localeconv_l ();
| /* The GNU C library defines this for functions which it implements
|     to always fail with ENOSYS.  Some functions are actually named
|     something starting with __ and the normal name is an alias.  */
| #if defined __stub_localeconv_l || defined __stub___localeconv_l
| choke me
| #endif
| 
| int
| main ()
| {
| return localeconv_l ();
|   ;
|   return 0;
| }
configure:15680: result: no
configure:15680: checking for mbstowcs_l
configure:15680: gcc -o conftest -Wall -Wmissing-prototypes -Wpointer-arith -Wdeclaration-after-statement -Werror=vla -Wendif-labels -Wmissing-format-attribute -Wimplicit-fallthrough=3 -Wcast-function-type -Wshadow=compatible-local -Wformat-security -fno-strict-aliasing -fwrapv -fexcess-precision=standard -Wno-format-truncation -Wno-stringop-truncation -O2  -D_GNU_SOURCE    conftest.c -lz -lm  >&5
/usr/bin/ld: /tmp/ccSbpdiS.o: in function `main':
conftest.c:(.text.startup+0xb): undefined reference to `mbstowcs_l'
collect2: error: ld returned 1 exit status
configure:15680: $? = 1
configure: failed program was:
| /* confdefs.h */
| #define PACKAGE_NAME "PostgreSQL"
| #define PACKAGE_TARNAME "postgresql"
| #define PACKAGE_VERSION "19devel"
| #define PACKAGE_STRING "PostgreSQL 19devel"
| #define PACKAGE_BUGREPORT "pgsql-bugs@lists.postgresql.org"
| #define PACKAGE_URL "https://www.postgresql.org/"
| #define CONFIGURE_ARGS " '--prefix=/tmp/pg_install' '--enable-cassert' '--without-readline'"
| #define PG_MAJORVERSION "19"
| #define PG_MAJORVERSION_NUM 19
| #define PG_MINORVERSION_NUM 0
| #define PG_VERSION "19devel"
| #define DEF_PGPORT 5432
| #define DEF_PGPORT_STR "5432"
| #define BLCKSZ 8192
| #define RELSEG_SIZE 131072
| #define XLOG_BLCKSZ 8192
| #define HAVE_VISIBILITY_ATTRIBUTE 1
| #define DLSUFFIX ".so"
| #define USE_ASSERT_CHECKING 1
| #define USE_ICU 1
| #define PG_KRB_SRVNAM "postgres"
| #define STDC_HEADERS 1
| #define HAVE_SYS_TYPES_H 1
| #define HAVE_SYS_STAT_H 1
| #define HAVE_STDLIB_H 1
| #define HAVE_STRING_H 1
| #define HAVE_MEMORY_H 1
| #define HAVE_STRINGS_H 1
| #define HAVE_INTTYPES_H 1
| #define HAVE_STDINT_H 1
| #define HAVE_UNISTD_H 1
| #define HAVE_PTHREAD_PRIO_INHERIT 1
| #define HAVE_PTHREAD 1
| #define HAVE_STRERROR_R 1
| #define HAVE_LIBM 1
| #define HAVE_LIBZ 1
| #define HAVE_EXECINFO_H 1
| #define HAVE_GETOPT_H 1
| #define HAVE_IFADDRS_H 1
| #define HAVE_SYS_EPOLL_H 1
| #define HAVE_SYS_PERSONALITY_H 1
| #define HAVE_SYS_PRCTL_H 1
| #define HAVE_SYS_SIGNALFD_H 1
| #define HAVE_TERMIOS_H 1
| #define HAVE_UCHAR_H 1
| #define PG_C_PRINTF_ATTRIBUTE gnu_printf
| #define PG_CXX_PRINTF_ATTRIBUTE gnu_printf
| #define HAVE_STATEMENT_EXPRESSIONS 1
| #define HAVE_TYPEOF 1
| #define HAVE__BUILTIN_TYPES_COMPATIBLE_P 1
| #define HAVE__BUILTIN_CONSTANT_P 1
| #define HAVE__BUILTIN_OP_OVERFLOW 1
| #define HAVE__BUILTIN_UNREACHABLE 1
| #define HAVE_COMPUTED_GOTO 1
| #define HAVE_STRUCT_TM_TM_ZONE 1
| #define HAVE_SOCKLEN_T 1
| #define restrict __restrict
| #define pg_restrict __restrict
| #define HAVE_STRUCT_OPTION 1
| #define HAVE_X86_64_POPCNTQ 1
| #define SIZEOF_OFF_T 8
| #define HAVE_INT_TIMEZONE 1
| #define HAVE_BACKTRACE_SYMBOLS 1
| #define HAVE_COPY_FILE_RANGE 1
| #define HAVE_GETAUXVAL 1
| #define HAVE_GETIFADDRS 1
| #define HAVE_INET_PTON 1
| /* end confdefs.h.  */
| /* Define mbstowcs_l to an innocuous variant, in case <limits.h> declares mbstowcs_l.
|    For example, HP-UX 11i <limits.h> declares gettimeofday.  */
| #define mbstowcs_l innocuous_mbstowcs_l
| 
| /* System header to define __stub macros and hopefully few prototypes,
|     which can conflict with char mbstowcs_l (); below.
|     Prefer <limits.h> to <assert.h> if __STDC__ is defined, since
|     <limits.h> exists even on freestanding compilers.  */
| 
| #ifdef __STDC__
| # include <limits.h>
| #else
| # include <assert.h>
| #endif
| 
| #undef mbstowcs_l
| 
| /* Override any GCC internal prototype to avoid an error.
|    Use char because int might match the return type of a GCC
|    builtin and then its argument prototype would still apply.  */
| #ifdef __cplusplus
| extern "C"
| #endif
| char mbstowcs_l ();
| /* The GNU C library defines this for functions which it implements
|     to always fail with ENOSYS.  Some functions are actually named
|     something starting with __ and the normal name is an alias.  */
| #if defined __stub_mbstowcs_l || defined __stub___mbstowcs_l
| choke me
| #endif
| 
| int
| main ()
| {
| return mbstowcs_l ();
|   ;
|   return 0;
| }
configure:15680: result: no
configure:15680: checking for posix_fallocate
configure:15680: gcc -o conftest -Wall -Wmissing-prototypes -Wpointer-arith -Wdeclaration-after-statement -Werror=vla -Wendif-labels -Wmissing-format-attribute -Wimplicit-fallthrough=3 -Wcast-function-type -Wshadow=compatible-local -Wformat-security -fno-strict-aliasing -fwrapv -fexcess-precision=standard -Wno-format-truncation -Wno-stringop-truncation -O2  -D_GNU_SOURCE    conftest.c -lz -lm  >&5
configure:15680: $? = 0
configure:15680: result: yes
configure:15680: checking for ppoll
configure:15680: gcc -o conftest -Wall -Wmissing-prototypes -Wpointer-arith -Wdeclaration-after-statement -Werror=vla -Wendif-labels -Wmissing-format-attribute -Wimplicit-fallthrough=3 -Wcast-function-type -Wshadow=compatible-local -Wformat-security -fno-strict-aliasing -fwrapv -fexcess-precision=standard -Wno-format-truncation -Wno-stringop-truncation -O2  -D_GNU_SOURCE    conftest.c -lz -lm  >&5
configure:15680: $? = 0
configure:15680: result: yes
configure:15680: checking for pthread_is_threaded_np
configure:15680: gcc -o conftest -Wall -Wmissing-prototypes -Wpointer-arith -Wdeclaration-after-statement -Werror=vla -Wendif-labels -Wmissing-format-attribute -Wimplicit-fallthrough=3 -Wcast-function-type -Wshadow=compatible-local -Wformat-security -fno-strict-aliasing -fwrapv -fexcess-precision=standard -Wno-format-truncation -Wno-stringop-truncation -O2  -D_GNU_SOURCE    conftest.c -lz -lm  >&5
/usr/bin/ld: /tmp/cccRnRRE.o: in function `main':
conftest.c:(.text.startup+0xb): undefined reference to `pthread_is_threaded_np'
collect2: error: ld returned 1 exit status
configure:15680: $? = 1
configure: failed program was:
| /* confdefs.h */
| #define PACKAGE_NAME "PostgreSQL"
| #define PACKAGE_TARNAME "postgresql"
| #define PACKAGE_VERSION "19devel"
| #define PACKAGE_STRING "PostgreSQL 19devel"
| #define PACKAGE_BUGREPORT "pgsql-bugs@lists.postgresql.org"
| #define PACKAGE_URL "https://www.postgresql.org/"
| #define CONFIGURE_ARGS " '--prefix=/tmp/pg_install' '--enable-cassert' '--without-readline'"
| #define PG_MAJORVERSION "19"
| #define PG_MAJORVERSION_NUM 19
| #define PG_MINORVERSION_NUM 0
| #define PG_VERSION "19devel"
| #define DEF_PGPORT 5432
| #define DEF_PGPORT_STR "5432"
| #define BLCKSZ 8192
| #define RELSEG_SIZE 131072
| #define XLOG_BLCKSZ 8192
| #define HAVE_VISIBILITY_ATTRIBUTE 1
| #define DLSUFFIX ".so"
| #define USE_ASSERT_CHECKING 1
| #define USE_ICU 1
| #define PG_KRB_SRVNAM "postgres"
| #define STDC_HEADERS 1
| #define HAVE_SYS_TYPES_H 1
| #define HAVE_SYS_STAT_H 1
| #define HAVE_STDLIB_H 1
| #define HAVE_STRING_H 1
| #define HAVE_MEMORY_H 1
| #define HAVE_STRINGS_H 1
| #define HAVE_INTTYPES_H 1
| #define HAVE_STDINT_H 1
| #define HAVE_UNISTD_H 1
| #define HAVE_PTHREAD_PRIO_INHERIT 1
| #define HAVE_PTHREAD 1
| #define HAVE_STRERROR_R 1
| #define HAVE_LIBM 1
| #define HAVE_LIBZ 1
| #define HAVE_EXECINFO_H 1
| #define HAVE_GETOPT_H 1
| #define HAVE_IFADDRS_H 1
| #define HAVE_SYS_EPOLL_H 1
| #define HAVE_SYS_PERSONALITY_H 1
| #define HAVE_SYS_PRCTL_H 1
| #define HAVE_SYS_SIGNALFD_H 1
| #define HAVE_TERMIOS_H 1
| #define HAVE_UCHAR_H 1
| #define PG_C_PRINTF_ATTRIBUTE gnu_printf
| #define PG_CXX_PRINTF_ATTRIBUTE gnu_printf
| #define HAVE_STATEMENT_EXPRESSIONS 1
| #define HAVE_TYPEOF 1
| #define HAVE__BUILTIN_TYPES_COMPATIBLE_P 1
| #define HAVE__BUILTIN_CONSTANT_P 1
| #define HAVE__BUILTIN_OP_OVERFLOW 1
| #define HAVE__BUILTIN_UNREACHABLE 1
| #define HAVE_COMPUTED_GOTO 1
| #define HAVE_STRUCT_TM_TM_ZONE 1
| #define HAVE_SOCKLEN_T 1
| #define restrict __restrict
| #define pg_restrict __restrict
| #define HAVE_STRUCT_OPTION 1
| #define HAVE_X86_64_POPCNTQ 1
| #define SIZEOF_OFF_T 8
| #define HAVE_INT_TIMEZONE 1
| #define HAVE_BACKTRACE_SYMBOLS 1
| #define HAVE_COPY_FILE_RANGE 1
| #define HAVE_GETAUXVAL 1
| #define HAVE_GETIFADDRS 1
| #define HAVE_INET_PTON 1
| #define HAVE_POSIX_FALLOCATE 1
| #define HAVE_PPOLL 1
| /* end confdefs.h.  */
| /* Define pthread_is_threaded_np to an innocuous variant, in case <limits.h> declares pthread_is_threaded_np.
|    For example, HP-UX 11i <limits.h> declares gettimeofday.  */
| #define pthread_is_threaded_np innocuous_pthread_is_threaded_np
| 
| /* System header to define __stub macros and hopefully few prototypes,
|     which can conflict with char pthread_is_threaded_np (); below.
|     Prefer <limits.h> to <assert.h> if __STDC__ is defined, since
|     <limits.h> exists even on freestanding compilers.  */
| 
| #ifdef __STDC__
| # include <limits.h>
| #else
| # include <assert.h>
| #endif
| 
| #undef pthread_is_threaded_np
| 
| /* Override any GCC internal prototype to avoid an error.
|    Use char because int might match the return type of a GCC
|    builtin and then its argument prototype would still apply.  */
| #ifdef __cplusplus
| extern "C"
| #endif
| char pthread_is_threaded_np ();
| /* The GNU C library defines this for functions which it implements
|     to always fail with ENOSYS.  Some functions are actually named
|     something starting with __ and the normal name is an alias.  */
| #if defined __stub_pthread_is_threaded_np || defined __stub___pthread_is_threaded_np
| choke me
| #endif
| 
| int
| main ()
| {
| return pthread_is_threaded_np ();
|   ;
|   return 0;
| }
configure:15680: result: no
configure:15680: checking for setproctitle
configure:15680: gcc -o conftest -Wall -Wmissing-prototypes -Wpointer-arith -Wdeclaration-after-statement -Werror=vla -Wendif-labels -Wmissing-format-attribute -Wimplicit-fallthrough=3 -Wcast-function-type -Wshadow=compatible-local -Wformat-security -fno-strict-aliasing -fwrapv -fexcess-precision=standard -Wno-format-truncation -Wno-stringop-truncation -O2  -D_GNU_SOURCE    conftest.c -lz -lm  >&5
/usr/bin/ld: /tmp/cc4wxafa.o: in function `main':
conftest.c:(.text.startup+0xb): undefined reference to `setproctitle'
collect2: error: ld returned 1 exit status
configure:15680: $? = 1
configure: failed program was:
| /* confdefs.h */
| #define PACKAGE_NAME "PostgreSQL"
| #define PACKAGE_TARNAME "postgresql"
| #define PACKAGE_VERSION "19devel"
| #define PACKAGE_STRING "PostgreSQL 19devel"
| #define PACKAGE_BUGREPORT "pgsql-bugs@lists.postgresql.org"
| #define PACKAGE_URL "https://www.postgresql.org/"
| #define CONFIGURE_ARGS " '--prefix=/tmp/pg_install' '--enable-cassert' '--without-readline'"
| #define PG_MAJORVERSION "19"
| #define PG_MAJORVERSION_NUM 19
| #define PG_MINORVERSION_NUM 0
| #define PG_VERSION "19devel"
| #define DEF_PGPORT 5432
| #define DEF_PGPORT_STR "5432"
| #define BLCKSZ 8192
| #define RELSEG_SIZE 131072
| #define XLOG_BLCKSZ 8192
| #define HAVE_VISIBILITY_ATTRIBUTE 1
| #define DLSUFFIX ".so"
| #define USE_ASSERT_CHECKING 1
| #define USE_ICU 1
| #define PG_KRB_SRVNAM "postgres"
| #define STDC_HEADERS 1
| #define HAVE_SYS_TYPES_H 1
| #define HAVE_SYS_STAT_H 1
| #define HAVE_STDLIB_H 1
| #define HAVE_STRING_H 1
| #define HAVE_MEMORY_H 1
| #define HAVE_STRINGS_H 1
| #define HAVE_INTTYPES_H 1
| #define HAVE_STDINT_H 1
| #define HAVE_UNISTD_H 1
| #define HAVE_PTHREAD_PRIO_INHERIT 1
| #define HAVE_PTHREAD 1
| #define HAVE_STRERROR_R 1
| #define HAVE_LIBM 1
| #define HAVE_LIBZ 1
| #define HAVE_EXECINFO_H 1
| #define HAVE_GETOPT_H 1
| #define HAVE_IFADDRS_H 1
| #define HAVE_SYS_EPOLL_H 1
| #define HAVE_SYS_PERSONALITY_H 1
| #define HAVE_SYS_PRCTL_H 1
| #define HAVE_SYS_SIGNALFD_H 1
| #define HAVE_TERMIOS_H 1
| #define HAVE_UCHAR_H 1
| #define PG_C_PRINTF_ATTRIBUTE gnu_printf
| #define PG_CXX_PRINTF_ATTRIBUTE gnu_printf
| #define HAVE_STATEMENT_EXPRESSIONS 1
| #define HAVE_TYPEOF 1
| #define HAVE__BUILTIN_TYPES_COMPATIBLE_P 1
| #define HAVE__BUILTIN_CONSTANT_P 1
| #define HAVE__BUILTIN_OP_OVERFLOW 1
| #define HAVE__BUILTIN_UNREACHABLE 1
| #define HAVE_COMPUTED_GOTO 1
| #define HAVE_STRUCT_TM_TM_ZONE 1
| #define HAVE_SOCKLEN_T 1
| #define restrict __restrict
| #define pg_restrict __restrict
| #define HAVE_STRUCT_OPTION 1
| #define HAVE_X86_64_POPCNTQ 1
| #define SIZEOF_OFF_T 8
| #define HAVE_INT_TIMEZONE 1
| #define HAVE_BACKTRACE_SYMBOLS 1
| #define HAVE_COPY_FILE_RANGE 1
| #define HAVE_GETAUXVAL 1
| #define HAVE_GETIFADDRS 1
| #define HAVE_INET_PTON 1
| #define HAVE_POSIX_FALLOCATE 1
| #define HAVE_PPOLL 1
| /* end confdefs.h.  */
| /* Define setproctitle to an innocuous variant, in case <limits.h> declares setproctitle.
|    For example, HP-UX 11i <limits.h> declares gettimeofday.  */
| #define setproctitle innocuous_setproctitle
| 
| /* System header to define __stub macros and hopefully few prototypes,
|     which can conflict with char setproctitle (); below.
|     Prefer <limits.h> to <assert.h> if __STDC__ is defined, since
|     <limits.h> exists even on freestanding compilers.  */
| 
| #ifdef __STDC__
| # include <limits.h>
| #else
| # include <assert.h>
| #endif
| 
| #undef setproctitle
| 
| /* Override any GCC internal prototype to avoid an error.
|    Use char because int might match the return type of a GCC
|    builtin and then its argument prototype would still apply.  */
| #ifdef __cplusplus
| extern "C"
| #endif
| char setproctitle ();
| /* The GNU C library defines this for functions which it implements
|     to always fail with ENOSYS.  Some functions are actually named
|     something starting with __ and the normal name is an alias.  */
| #if defined __stub_setproctitle || defined __stub___setproctitle
| choke me
| #endif
| 
| int
| main ()
| {
| return setproctitle ();
|   ;
|   return 0;
| }
configure:15680: result: no
configure:15680: checking for setproctitle_fast
configure:15680: gcc -o conftest -Wall -Wmissing-prototypes -Wpointer-arith -Wdeclaration-after-statement -Werror=vla -Wendif-labels -Wmissing-format-attribute -Wimplicit-fallthrough=3 -Wcast-function-type -Wshadow=compatible-local -Wformat-security -fno-strict-aliasing -fwrapv -fexcess-precision=standard -Wno-format-truncation -Wno-stringop-truncation -O2  -D_GNU_SOURCE    conftest.c -lz -lm  >&5
/usr/bin/ld: /tmp/ccnXD1S4.o: in function `main':
conftest.c:(.text.startup+0xb): undefined reference to `setproctitle_fast'
collect2: error: ld returned 1 exit status
configure:15680: $? = 1
configure: failed program was:
| /* confdefs.h */
| #define PACKAGE_NAME "PostgreSQL"
| #define PACKAGE_TARNAME "postgresql"
| #define PACKAGE_VERSION "19devel"
| #define PACKAGE_STRING "PostgreSQL 19devel"
| #define PACKAGE_BUGREPORT "pgsql-bugs@lists.postgresql.org"
| #define PACKAGE_URL "https://www.postgresql.org/"
| #define CONFIGURE_ARGS " '--prefix=/tmp/pg_install' '--enable-cassert' '--without-readline'"
| #define PG_MAJORVERSION "19"
| #define PG_MAJORVERSION_NUM 19
| #define PG_MINORVERSION_NUM 0
| #define PG_VERSION "19devel"
| #define DEF_PGPORT 5432
| #define DEF_PGPORT_STR "5432"
| #define BLCKSZ 8192
| #define RELSEG_SIZE 131072
| #define XLOG_BLCKSZ 8192
| #define HAVE_VISIBILITY_ATTRIBUTE 1
| #define DLSUFFIX ".so"
| #define USE_ASSERT_CHECKING 1
| #define USE_ICU 1
| #define PG_KRB_SRVNAM "postgres"
| #define STDC_HEADERS 1
| #define HAVE_SYS_TYPES_H 1
| #define HAVE_SYS_STAT_H 1
| #define HAVE_STDLIB_H 1
| #define HAVE_STRING_H 1
| #define HAVE_MEMORY_H 1
| #define HAVE_STRINGS_H 1
| #define HAVE_INTTYPES_H 1
| #define HAVE_STDINT_H 1
| #define HAVE_UNISTD_H 1
| #define HAVE_PTHREAD_PRIO_INHERIT 1
| #define HAVE_PTHREAD 1
| #define HAVE_STRERROR_R 1
| #define HAVE_LIBM 1
| #define HAVE_LIBZ 1
| #define HAVE_EXECINFO_H 1
| #define HAVE_GETOPT_H 1
| #define HAVE_IFADDRS_H 1
| #define HAVE_SYS_EPOLL_H 1
| #define HAVE_SYS_PERSONALITY_H 1
| #define HAVE_SYS_PRCTL_H 1
| #define HAVE_SYS_SIGNALFD_H 1
| #define HAVE_TERMIOS_H 1
| #define HAVE_UCHAR_H 1
| #define PG_C_PRINTF_ATTRIBUTE gnu_printf
| #define PG_CXX_PRINTF_ATTRIBUTE gnu_printf
| #define HAVE_STATEMENT_EXPRESSIONS 1
| #define HAVE_TYPEOF 1
| #define HAVE__BUILTIN_TYPES_COMPATIBLE_P 1
| #define HAVE__BUILTIN_CONSTANT_P 1
| #define HAVE__BUILTIN_OP_OVERFLOW 1
| #define HAVE__BUILTIN_UNREACHABLE 1
| #define HAVE_COMPUTED_GOTO 1
| #define HAVE_STRUCT_TM_TM_ZONE 1
| #define HAVE_SOCKLEN_T 1
| #define restrict __restrict
| #define pg_restrict __restrict
| #define HAVE_STRUCT_OPTION 1
| #define HAVE_X86_64_POPCNTQ 1
| #define SIZEOF_OFF_T 8
| #define HAVE_INT_TIMEZONE 1
| #define HAVE_BACKTRACE_SYMBOLS 1
| #define HAVE_COPY_FILE_RANGE 1
| #define HAVE_GETAUXVAL 1
| #define HAVE_GETIFADDRS 1
| #define HAVE_INET_PTON 1
| #define HAVE_POSIX_FALLOCATE 1
| #define HAVE_PPOLL 1
| /* end confdefs.h.  */
| /* Define setproctitle_fast to an innocuous variant, in case <limits.h> declares setproctitle_fast.
|    For example, HP-UX 11i <limits.h> declares gettimeofday.  */
| #define setproctitle_fast innocuous_setproctitle_fast
| 
| /* System header to define __stub macros and hopefully few prototypes,
|     which can conflict with char setproctitle_fast (); below.
|     Prefer <limits.h> to <assert.h> if __STDC__ is defined, since
|     <limits.h> exists even on freestanding compilers.  */
| 
| #ifdef __STDC__
| # include <limits.h>
| #else
| # include <assert.h>
| #endif
| 
| #undef setproctitle_fast
| 
| /* Override any GCC internal prototype to avoid an error.
|    Use char because int might match the return type of a GCC
|    builtin and then its argument prototype would still apply.  */
| #ifdef __cplusplus
| extern "C"
| #endif
| char setproctitle_fast ();
| /* The GNU C library defines this for functions which it implements
|     to always fail with ENOSYS.  Some functions are actually named
|     something starting with __ and the normal name is an alias.  */
| #if defined __stub_setproctitle_fast || defined __stub___setproctitle_fast
| choke me
| #endif
| 
| int
| main ()
| {
| return setproctitle_fast ();
|   ;
|   return 0;
| }
configure:15680: result: no
configure:15680: checking for strsignal
configure:15680: gcc -o conftest -Wall -Wmissing-prototypes -Wpointer-arith -Wdeclaration-after-statement -Werror=vla -Wendif-labels -Wmissing-format-attribute -Wimplicit-fallthrough=3 -Wcast-function-type -Wshadow=compatible-local -Wformat-security -fno-strict-aliasing -fwrapv -fexcess-precision=standard -Wno-format-truncation -Wno-stringop-truncation -O2  -D_GNU_SOURCE    conftest.c -lz -lm  >&5
configure:15680: $? = 0
configure:15680: result: yes
configure:15680: checking for syncfs
configure:15680: gcc -o conftest -Wall -Wmissing-prototypes -Wpointer-arith -Wdeclaration-after-statement -Werror=vla -Wendif-labels -Wmissing-format-attribute -Wimplicit-fallthrough=3 -Wcast-function-type -Wshadow=compatible-local -Wformat-security -fno-strict-aliasing -fwrapv -fexcess-precision=standard -Wno-format-truncation -Wno-stringop-truncation -O2  -D_GNU_SOURCE    conftest.c -lz -lm  >&5
configure:15680: $? = 0
configure:15680: result: yes
configure:15680: checking for sync_file_range
configure:15680: gcc -o conftest -Wall -Wmissing-prototypes -Wpointer-arith -Wdeclaration-after-statement -Werror=vla -Wendif-labels -Wmissing-format-attribute -Wimplicit-fallthrough=3 -Wcast-function-type -Wshadow=compatible-local -Wformat-security -fno-strict-aliasing -fwrapv -fexcess-precision=standard -Wno-format-truncation -Wno-stringop-truncation -O2  -D_GNU_SOURCE    conftest.c -lz -lm  >&5
configure:15680: $? = 0
configure:15680: result: yes
configure:15680: checking for uselocale
configure:15680: gcc -o conftest -Wall -Wmissing-prototypes -Wpointer-arith -Wdeclaration-after-statement -Werror=vla -Wendif-labels -Wmissing-format-attribute -Wimplicit-fallthrough=3 -Wcast-function-type -Wshadow=compatible-local -Wformat-security -fno-strict-aliasing -fwrapv -fexcess-precision=standard -Wno-format-truncation -Wno-stringop-truncation -O2  -D_GNU_SOURCE    conftest.c -lz -lm  >&5
configure:15680: $? = 0
configure:15680: result: yes
configure:15680: checking for wcstombs_l
configure:15680: gcc -o conftest -Wall -Wmissing-prototypes -Wpointer-arith -Wdeclaration-after-statement -Werror=vla -Wendif-labels -Wmissing-format-attribute -Wimplicit-fallthrough=3 -Wcast-function-type -Wshadow=compatible-local -Wformat-security -fno-strict-aliasing -fwrapv -fexcess-precision=standard -Wno-format-truncation -Wno-stringop-truncation -O2  -D_GNU_SOURCE    conftest.c -lz -lm  >&5
/usr/bin/ld: /tmp/ccHwV2KQ.o: in function `main':
conftest.c:(.text.startup+0xb): undefined reference to `wcstombs_l'
collect2: error: ld returned 1 exit status
configure:15680: $? = 1
configure: failed program was:
| /* confdefs.h */
| #define PACKAGE_NAME "PostgreSQL"
| #define PACKAGE_TARNAME "postgresql"
| #define PACKAGE_VERSION "19devel"
| #define PACKAGE_STRING "PostgreSQL 19devel"
| #define PACKAGE_BUGREPORT "pgsql-bugs@lists.postgresql.org"
| #define PACKAGE_URL "https://www.postgresql.org/"
| #define CONFIGURE_ARGS " '--prefix=/tmp/pg_install' '--enable-cassert' '--without-readline'"
| #define PG_MAJORVERSION "19"
| #define PG_MAJORVERSION_NUM 19
| #define PG_MINORVERSION_NUM 0
| #define PG_VERSION "19devel"
| #define DEF_PGPORT 5432
| #define DEF_PGPORT_STR "5432"
| #define BLCKSZ 8192
| #define RELSEG_SIZE 131072
| #define XLOG_BLCKSZ 8192
| #define HAVE_VISIBILITY_ATTRIBUTE 1
| #define DLSUFFIX ".so"
| #define USE_ASSERT_CHECKING 1
| #define USE_ICU 1
| #define PG_KRB_SRVNAM "postgres"
| #define STDC_HEADERS 1
| #define HAVE_SYS_TYPES_H 1
| #define HAVE_SYS_STAT_H 1
| #define HAVE_STDLIB_H 1
| #define HAVE_STRING_H 1
| #define HAVE_MEMORY_H 1
| #define HAVE_STRINGS_H 1
| #define HAVE_INTTYPES_H 1
| #define HAVE_STDINT_H 1
| #define HAVE_UNISTD_H 1
| #define HAVE_PTHREAD_PRIO_INHERIT 1
| #define HAVE_PTHREAD 1
| #define HAVE_STRERROR_R 1
| #define HAVE_LIBM 1
| #define HAVE_LIBZ 1
| #define HAVE_EXECINFO_H 1
| #define HAVE_GETOPT_H 1
| #define HAVE_IFADDRS_H 1
| #define HAVE_SYS_EPOLL_H 1
| #define HAVE_SYS_PERSONALITY_H 1
| #define HAVE_SYS_PRCTL_H 1
| #define HAVE_SYS_SIGNALFD_H 1
| #define HAVE_TERMIOS_H 1
| #define HAVE_UCHAR_H 1
| #define PG_C_PRINTF_ATTRIBUTE gnu_printf
| #define PG_CXX_PRINTF_ATTRIBUTE gnu_printf
| #define HAVE_STATEMENT_EXPRESSIONS 1
| #define HAVE_TYPEOF 1
| #define HAVE__BUILTIN_TYPES_COMPATIBLE_P 1
| #define HAVE__BUILTIN_CONSTANT_P 1
| #define HAVE__BUILTIN_OP_OVERFLOW 1
| #define HAVE__BUILTIN_UNREACHABLE 1
| #define HAVE_COMPUTED_GOTO 1
| #define HAVE_STRUCT_TM_TM_ZONE 1
| #define HAVE_SOCKLEN_T 1
| #define restrict __restrict
| #define pg_restrict __restrict
| #define HAVE_STRUCT_OPTION 1
| #define HAVE_X86_64_POPCNTQ 1
| #define SIZEOF_OFF_T 8
| #define HAVE_INT_TIMEZONE 1
| #define HAVE_BACKTRACE_SYMBOLS 1
| #define HAVE_COPY_FILE_RANGE 1
| #define HAVE_GETAUXVAL 1
| #define HAVE_GETIFADDRS 1
| #define HAVE_INET_PTON 1
| #define HAVE_POSIX_FALLOCATE 1
| #define HAVE_PPOLL 1
| #define HAVE_STRSIGNAL 1
| #define HAVE_SYNCFS 1
| #define HAVE_SYNC_FILE_RANGE 1
| #define HAVE_USELOCALE 1
| /* end confdefs.h.  */
| /* Define wcstombs_l to an innocuous variant, in case <limits.h> declares wcstombs_l.
|    For example, HP-UX 11i <limits.h> declares gettimeofday.  */
| #define wcstombs_l innocuous_wcstombs_l
| 
| /* System header to define __stub macros and hopefully few prototypes,
|     which can conflict with char wcstombs_l (); below.
|     Prefer <limits.h> to <assert.h> if __STDC__ is defined, since
|     <limits.h> exists even on freestanding compilers.  */
| 
| #ifdef __STDC__
| # include <limits.h>
| #else
| # include <assert.h>
| #endif
| 
| #undef wcstombs_l
| 
| /* Override any GCC internal prototype to avoid an error.
|    Use char because int might match the return type of a GCC
|    builtin and then its argument prototype would still apply.  */
| #ifdef __cplusplus
| extern "C"
| #endif
| char wcstombs_l ();
| /* The GNU C library defines this for functions which it implements
|     to always fail with ENOSYS.  Some functions are actually named
|     something starting with __ and the normal name is an alias.  */
| #if defined __stub_wcstombs_l || defined __stub___wcstombs_l
| choke me
| #endif
| 
| int
| main ()
| {
| return wcstombs_l ();
|   ;
|   return 0;
| }
configure:15680: result: no
configure:15691: checking for __builtin_bswap16
configure:15712: gcc -o conftest -Wall -Wmissing-prototypes -Wpointer-arith -Wdeclaration-after-statement -Werror=vla -Wendif-labels -Wmissing-format-attribute -Wimplicit-fallthrough=3 -Wcast-function-type -Wshadow=compatible-local -Wformat-security -fno-strict-aliasing -fwrapv -fexcess-precision=standard -Wno-format-truncation -Wno-stringop-truncation -O2  -D_GNU_SOURCE    conftest.c -lz -lm  >&5
conftest.c:78:1: warning: no previous prototype for 'call__builtin_bswap16' [-Wmissing-prototypes]
   78 | call__builtin_bswap16(int x)
      | ^~~~~~~~~~~~~~~~~~~~~
configure:15712: $? = 0
configure:15720: result: yes
configure:15729: checking for __builtin_bswap32
configure:15750: gcc -o conftest -Wall -Wmissing-prototypes -Wpointer-arith -Wdeclaration-after-statement -Werror=vla -Wendif-labels -Wmissing-format-attribute -Wimplicit-fallthrough=3 -Wcast-function-type -Wshadow=compatible-local -Wformat-security -fno-strict-aliasing -fwrapv -fexcess-precision=standard -Wno-format-truncation -Wno-stringop-truncation -O2  -D_GNU_SOURCE    conftest.c -lz -lm  >&5
conftest.c:79:1: warning: no previous prototype for 'call__builtin_bswap32' [-Wmissing-prototypes]
   79 | call__builtin_bswap32(int x)
      | ^~~~~~~~~~~~~~~~~~~~~
configure:15750: $? = 0
configure:15758: result: yes
configure:15767: checking for __builtin_bswap64
configure:15788: gcc -o conftest -Wall -Wmissing-prototypes -Wpointer-arith -Wdeclaration-after-statement -Werror=vla -Wendif-labels -Wmissing-format-attribute -Wimplicit-fallthrough=3 -Wcast-function-type -Wshadow=compatible-local -Wformat-security -fno-strict-aliasing -fwrapv -fexcess-precision=standard -Wno-format-truncation -Wno-stringop-truncation -O2  -D_GNU_SOURCE    conftest.c -lz -lm  >&5
conftest.c:80:1: warning: no previous prototype for 'call__builtin_bswap64' [-Wmissing-prototypes]
   80 | call__builtin_bswap64(long int x)
      | ^~~~~~~~~~~~~~~~~~~~~
configure:15788: $? = 0
configure:15796: result: yes
configure:15806: checking for __builtin_clz
configure:15827: gcc -o conftest -Wall -Wmissing-prototypes -Wpointer-arith -Wdeclaration-after-statement -Werror=vla -Wendif-labels -Wmissing-format-attribute -Wimplicit-fallthrough=3 -Wcast-function-type -Wshadow=compatible-local -Wformat-security -fno-strict-aliasing -fwrapv -fexcess-precision=standard -Wno-format-truncation -Wno-stringop-truncation -O2  -D_GNU_SOURCE    conftest.c -lz -lm  >&5
conftest.c:81:1: warning: no previous prototype for 'call__builtin_clz' [-Wmissing-prototypes]
   81 | call__builtin_clz(unsigned int x)
      | ^~~~~~~~~~~~~~~~~
configure:15827: $? = 0
configure:15835: result: yes
configure:15844: checking for __builtin_ctz
configure:15865: gcc -o conftest -Wall -Wmissing-prototypes -Wpointer-arith -Wdeclaration-after-statement -Werror=vla -Wendif-labels -Wmissing-format-attribute -Wimplicit-fallthrough=3 -Wcast-function-type -Wshadow=compatible-local -Wformat-security -fno-strict-aliasing -fwrapv -fexcess-precision=standard -Wno-format-truncation -Wno-stringop-truncation -O2  -D_GNU_SOURCE    conftest.c -lz -lm  >&5
conftest.c:82:1: warning: no previous prototype for 'call__builtin_ctz' [-Wmissing-prototypes]
   82 | call__builtin_ctz(unsigned int x)
      | ^~~~~~~~~~~~~~~~~
configure:15865: $? = 0
configure:15873: result: yes
configure:15882: checking for __builtin_popcount
configure:15903: gcc -o conftest -Wall -Wmissing-prototypes -Wpointer-arith -Wdeclaration-after-statement -Werror=vla -Wendif-labels -Wmissing-format-attribute -Wimplicit-fallthrough=3 -Wcast-function-type -Wshadow=compatible-local -Wformat-security -fno-strict-aliasing -fwrapv -fexcess-precision=standard -Wno-format-truncation -Wno-stringop-truncation -O2  -D_GNU_SOURCE    conftest.c -lz -lm  >&5
conftest.c:83:1: warning: no previous prototype for 'call__builtin_popcount' [-Wmissing-prototypes]
   83 | call__builtin_popcount(unsigned int x)
      | ^~~~~~~~~~~~~~~~~~~~~~
configure:15903: $? = 0
configure:15911: result: yes
configure:15922: checking for __builtin_frame_address
configure:15943: gcc -o conftest -Wall -Wmissing-prototypes -Wpointer-arith -Wdeclaration-after-statement -Werror=vla -Wendif-labels -Wmissing-format-attribute -Wimplicit-fallthrough=3 -Wcast-function-type -Wshadow=compatible-local -Wformat-security -fno-strict-aliasing -fwrapv -fexcess-precision=standard -Wno-format-truncation -Wno-stringop-truncation -O2  -D_GNU_SOURCE    conftest.c -lz -lm  >&5
conftest.c:84:1: warning: no previous prototype for 'call__builtin_frame_address' [-Wmissing-prototypes]
   84 | call__builtin_frame_address(void)
      | ^~~~~~~~~~~~~~~~~~~~~~~~~~~
configure:15943: $? = 0
configure:15951: result: yes
configure:15963: checking for _LARGEFILE_SOURCE value needed for large files
configure:15982: gcc -o conftest -Wall -Wmissing-prototypes -Wpointer-arith -Wdeclaration-after-statement -Werror=vla -Wendif-labels -Wmissing-format-attribute -Wimplicit-fallthrough=3 -Wcast-function-type -Wshadow=compatible-local -Wformat-security -fno-strict-aliasing -fwrapv -fexcess-precision=standard -Wno-format-truncation -Wno-stringop-truncation -O2  -D_GNU_SOURCE    conftest.c -lz -lm  >&5
configure:15982: $? = 0
configure:16010: result: no
configure:16044: checking how gcc reports undeclared, standard C functions
configure:16060: gcc -c -Wall -Wmissing-prototypes -Wpointer-arith -Wdeclaration-after-statement -Werror=vla -Wendif-labels -Wmissing-format-attribute -Wimplicit-fallthrough=3 -Wcast-function-type -Wshadow=compatible-local -Wformat-security -fno-strict-aliasing -fwrapv -fexcess-precision=standard -Wno-format-truncation -Wno-stringop-truncation -O2  -D_GNU_SOURCE  conftest.c >&5
conftest.c: In function 'main':
conftest.c:88:8: error: 'strchr' undeclared (first use in this function)
   88 | (void) strchr;
      |        ^~~~~~
conftest.c:1:1: note: 'strchr' is defined in header '<string.h>'; did you forget to '#include <string.h>'?
    1 | /* confdefs.h */
conftest.c:88:8: note: each undeclared identifier is reported only once for each function it appears in
   88 | (void) strchr;
      |        ^~~~~~
configure:16060: $? = 1
configure: failed program was:
| /* confdefs.h */
| #define PACKAGE_NAME "PostgreSQL"
| #define PACKAGE_TARNAME "postgresql"
| #define PACKAGE_VERSION "19devel"
| #define PACKAGE_STRING "PostgreSQL 19devel"
| #define PACKAGE_BUGREPORT "pgsql-bugs@lists.postgresql.org"
| #define PACKAGE_URL "https://www.postgresql.org/"
| #define CONFIGURE_ARGS " '--prefix=/tmp/pg_install' '--enable-cassert' '--without-readline'"
| #define PG_MAJORVERSION "19"
| #define PG_MAJORVERSION_NUM 19
| #define PG_MINORVERSION_NUM 0
| #define PG_VERSION "19devel"
| #define DEF_PGPORT 5432
| #define DEF_PGPORT_STR "5432"
| #define BLCKSZ 8192
| #define RELSEG_SIZE 131072
| #define XLOG_BLCKSZ 8192
| #define HAVE_VISIBILITY_ATTRIBUTE 1
| #define DLSUFFIX ".so"
| #define USE_ASSERT_CHECKING 1
| #define USE_ICU 1
| #define PG_KRB_SRVNAM "postgres"
| #define STDC_HEADERS 1
| #define HAVE_SYS_TYPES_H 1
| #define HAVE_SYS_STAT_H 1
| #define HAVE_STDLIB_H 1
| #define HAVE_STRING_H 1
| #define HAVE_MEMORY_H 1
| #define HAVE_STRINGS_H 1
| #define HAVE_INTTYPES_H 1
| #define HAVE_STDINT_H 1
| #define HAVE_UNISTD_H 1
| #define HAVE_PTHREAD_PRIO_INHERIT 1
| #define HAVE_PTHREAD 1
| #define HAVE_STRERROR_R 1
| #define HAVE_LIBM 1
| #define HAVE_LIBZ 1
| #define HAVE_EXECINFO_H 1
| #define HAVE_GETOPT_H 1
| #define HAVE_IFADDRS_H 1
| #define HAVE_SYS_EPOLL_H 1
| #define HAVE_SYS_PERSONALITY_H 1
| #define HAVE_SYS_PRCTL_H 1
| #define HAVE_SYS_SIGNALFD_H 1
| #define HAVE_TERMIOS_H 1
| #define HAVE_UCHAR_H 1
| #define PG_C_PRINTF_ATTRIBUTE gnu_printf
| #define PG_CXX_PRINTF_ATTRIBUTE gnu_printf
| #define HAVE_STATEMENT_EXPRESSIONS 1
| #define HAVE_TYPEOF 1
| #define HAVE__BUILTIN_TYPES_COMPATIBLE_P 1
| #define HAVE__BUILTIN_CONSTANT_P 1
| #define HAVE__BUILTIN_OP_OVERFLOW 1
| #define HAVE__BUILTIN_UNREACHABLE 1
| #define HAVE_COMPUTED_GOTO 1
| #define HAVE_STRUCT_TM_TM_ZONE 1
| #define HAVE_SOCKLEN_T 1
| #define restrict __restrict
| #define pg_restrict __restrict
| #define HAVE_STRUCT_OPTION 1
| #define HAVE_X86_64_POPCNTQ 1
| #define SIZEOF_OFF_T 8
| #define HAVE_INT_TIMEZONE 1
| #define HAVE_BACKTRACE_SYMBOLS 1
| #define HAVE_COPY_FILE_RANGE 1
| #define HAVE_GETAUXVAL 1
| #define HAVE_GETIFADDRS 1
| #define HAVE_INET_PTON 1
| #define HAVE_POSIX_FALLOCATE 1
| #define HAVE_PPOLL 1
| #define HAVE_STRSIGNAL 1
| #define HAVE_SYNCFS 1
| #define HAVE_SYNC_FILE_RANGE 1
| #define HAVE_USELOCALE 1
| #define HAVE__BUILTIN_BSWAP16 1
| #define HAVE__BUILTIN_BSWAP32 1
| #define HAVE__BUILTIN_BSWAP64 1
| #define HAVE__BUILTIN_CLZ 1
| #define HAVE__BUILTIN_CTZ 1
| #define HAVE__BUILTIN_POPCOUNT 1
| #define HAVE__BUILTIN_FRAME_ADDRESS 1
| #define HAVE_FSEEKO 1
| /* end confdefs.h.  */
| 
| int
| main ()
| {
| (void) strchr;
|   ;
|   return 0;
| }
configure:16115: result: error
configure:16127: checking for posix_fadvise
configure:16127: gcc -o conftest -Wall -Wmissing-prototypes -Wpointer-arith -Wdeclaration-after-statement -Werror=vla -Wendif-labels -Wmissing-format-attribute -Wimplicit-fallthrough=3 -Wcast-function-type -Wshadow=compatible-local -Wformat-security -fno-strict-aliasing -fwrapv -fexcess-precision=standard -Wno-format-truncation -Wno-stringop-truncation -O2  -D_GNU_SOURCE    conftest.c -lz -lm  >&5
configure:16127: $? = 0
configure:16127: result: yes
configure:16136: checking whether posix_fadvise is declared
configure:16136: gcc -c -Wall -Wmissing-prototypes -Wpointer-arith -Wdeclaration-after-statement -Werror=vla -Wendif-labels -Wmissing-format-attribute -Wimplicit-fallthrough=3 -Wcast-function-type -Wshadow=compatible-local -Wformat-security -fno-strict-aliasing -fwrapv -fexcess-precision=standard -Wno-format-truncation -Wno-stringop-truncation -O2  -D_GNU_SOURCE  conftest.c >&5
configure:16136: $? = 0
configure:16136: result: yes
configure:16151: checking whether fdatasync is declared
configure:16151: gcc -c -Wall -Wmissing-prototypes -Wpointer-arith -Wdeclaration-after-statement -Werror=vla -Wendif-labels -Wmissing-format-attribute -Wimplicit-fallthrough=3 -Wcast-function-type -Wshadow=compatible-local -Wformat-security -fno-strict-aliasing -fwrapv -fexcess-precision=standard -Wno-format-truncation -Wno-stringop-truncation -O2  -D_GNU_SOURCE  conftest.c >&5
configure:16151: $? = 0
configure:16151: result: yes
configure:16163: checking whether strlcat is declared
configure:16163: gcc -c -Wall -Wmissing-prototypes -Wpointer-arith -Wdeclaration-after-statement -Werror=vla -Wendif-labels -Wmissing-format-attribute -Wimplicit-fallthrough=3 -Wcast-function-type -Wshadow=compatible-local -Wformat-security -fno-strict-aliasing -fwrapv -fexcess-precision=standard -Wno-format-truncation -Wno-stringop-truncation -O2  -D_GNU_SOURCE  conftest.c >&5
configure:16163: $? = 0
configure:16163: result: yes
configure:16173: checking whether strlcpy is declared
configure:16173: gcc -c -Wall -Wmissing-prototypes -Wpointer-arith -Wdeclaration-after-statement -Werror=vla -Wendif-labels -Wmissing-format-attribute -Wimplicit-fallthrough=3 -Wcast-function-type -Wshadow=compatible-local -Wformat-security -fno-strict-aliasing -fwrapv -fexcess-precision=standard -Wno-format-truncation -Wno-stringop-truncation -O2  -D_GNU_SOURCE  conftest.c >&5
configure:16173: $? = 0
configure:16173: result: yes
configure:16183: checking whether strsep is declared
configure:16183: gcc -c -Wall -Wmissing-prototypes -Wpointer-arith -Wdeclaration-after-statement -Werror=vla -Wendif-labels -Wmissing-format-attribute -Wimplicit-fallthrough=3 -Wcast-function-type -Wshadow=compatible-local -Wformat-security -fno-strict-aliasing -fwrapv -fexcess-precision=standard -Wno-format-truncation -Wno-stringop-truncation -O2  -D_GNU_SOURCE  conftest.c >&5
configure:16183: $? = 0
configure:16183: result: yes
configure:16193: checking whether timingsafe_bcmp is declared
configure:16193: gcc -c -Wall -Wmissing-prototypes -Wpointer-arith -Wdeclaration-after-statement -Werror=vla -Wendif-labels -Wmissing-format-attribute -Wimplicit-fallthrough=3 -Wcast-function-type -Wshadow=compatible-local -Wformat-security -fno-strict-aliasing -fwrapv -fexcess-precision=standard -Wno-format-truncation -Wno-stringop-truncation -O2  -D_GNU_SOURCE  conftest.c >&5
conftest.c: In function 'main':
conftest.c:130:10: error: 'timingsafe_bcmp' undeclared (first use in this function)
  130 |   (void) timingsafe_bcmp;
      |          ^~~~~~~~~~~~~~~
conftest.c:130:10: note: each undeclared identifier is reported only once for each function it appears in
configure:16193: $? = 1
configure: failed program was:
| /* confdefs.h */
| #define PACKAGE_NAME "PostgreSQL"
| #define PACKAGE_TARNAME "postgresql"
| #define PACKAGE_VERSION "19devel"
| #define PACKAGE_STRING "PostgreSQL 19devel"
| #define PACKAGE_BUGREPORT "pgsql-bugs@lists.postgresql.org"
| #define PACKAGE_URL "https://www.postgresql.org/"
| #define CONFIGURE_ARGS " '--prefix=/tmp/pg_install' '--enable-cassert' '--without-readline'"
| #define PG_MAJORVERSION "19"
| #define PG_MAJORVERSION_NUM 19
| #define PG_MINORVERSION_NUM 0
| #define PG_VERSION "19devel"
| #define DEF_PGPORT 5432
| #define DEF_PGPORT_STR "5432"
| #define BLCKSZ 8192
| #define RELSEG_SIZE 131072
| #define XLOG_BLCKSZ 8192
| #define HAVE_VISIBILITY_ATTRIBUTE 1
| #define DLSUFFIX ".so"
| #define USE_ASSERT_CHECKING 1
| #define USE_ICU 1
| #define PG_KRB_SRVNAM "postgres"
| #define STDC_HEADERS 1
| #define HAVE_SYS_TYPES_H 1
| #define HAVE_SYS_STAT_H 1
| #define HAVE_STDLIB_H 1
| #define HAVE_STRING_H 1
| #define HAVE_MEMORY_H 1
| #define HAVE_STRINGS_H 1
| #define HAVE_INTTYPES_H 1
| #define HAVE_STDINT_H 1
| #define HAVE_UNISTD_H 1
| #define HAVE_PTHREAD_PRIO_INHERIT 1
| #define HAVE_PTHREAD 1
| #define HAVE_STRERROR_R 1
| #define HAVE_LIBM 1
| #define HAVE_LIBZ 1
| #define HAVE_EXECINFO_H 1
| #define HAVE_GETOPT_H 1
| #define HAVE_IFADDRS_H 1
| #define HAVE_SYS_EPOLL_H 1
| #define HAVE_SYS_PERSONALITY_H 1
| #define HAVE_SYS_PRCTL_H 1
| #define HAVE_SYS_SIGNALFD_H 1
| #define HAVE_TERMIOS_H 1
| #define HAVE_UCHAR_H 1
| #define PG_C_PRINTF_ATTRIBUTE gnu_printf
| #define PG_CXX_PRINTF_ATTRIBUTE gnu_printf
| #define HAVE_STATEMENT_EXPRESSIONS 1
| #define HAVE_TYPEOF 1
| #define HAVE__BUILTIN_TYPES_COMPATIBLE_P 1
| #define HAVE__BUILTIN_CONSTANT_P 1
| #define HAVE__BUILTIN_OP_OVERFLOW 1
| #define HAVE__BUILTIN_UNREACHABLE 1
| #define HAVE_COMPUTED_GOTO 1
| #define HAVE_STRUCT_TM_TM_ZONE 1
| #define HAVE_SOCKLEN_T 1
| #define restrict __restrict
| #define pg_restrict __restrict
| #define HAVE_STRUCT_OPTION 1
| #define HAVE_X86_64_POPCNTQ 1
| #define SIZEOF_OFF_T 8
| #define HAVE_INT_TIMEZONE 1
| #define HAVE_BACKTRACE_SYMBOLS 1
| #define HAVE_COPY_FILE_RANGE 1
| #define HAVE_GETAUXVAL 1
| #define HAVE_GETIFADDRS 1
| #define HAVE_INET_PTON 1
| #define HAVE_POSIX_FALLOCATE 1
| #define HAVE_PPOLL 1
| #define HAVE_STRSIGNAL 1
| #define HAVE_SYNCFS 1
| #define HAVE_SYNC_FILE_RANGE 1
| #define HAVE_USELOCALE 1
| #define HAVE__BUILTIN_BSWAP16 1
| #define HAVE__BUILTIN_BSWAP32 1
| #define HAVE__BUILTIN_BSWAP64 1
| #define HAVE__BUILTIN_CLZ 1
| #define HAVE__BUILTIN_CTZ 1
| #define HAVE__BUILTIN_POPCOUNT 1
| #define HAVE__BUILTIN_FRAME_ADDRESS 1
| #define HAVE_FSEEKO 1
| #define HAVE_POSIX_FADVISE 1
| #define HAVE_DECL_POSIX_FADVISE 1
| #define HAVE_DECL_FDATASYNC 1
| #define HAVE_DECL_STRLCAT 1
| #define HAVE_DECL_STRLCPY 1
| #define HAVE_DECL_STRSEP 1
| /* end confdefs.h.  */
| #include <stdio.h>
| #ifdef HAVE_SYS_TYPES_H
| # include <sys/types.h>
| #endif
| #ifdef HAVE_SYS_STAT_H
| # include <sys/stat.h>
| #endif
| #ifdef STDC_HEADERS
| # include <stdlib.h>
| # include <stddef.h>
| #else
| # ifdef HAVE_STDLIB_H
| #  include <stdlib.h>
| # endif
| #endif
| #ifdef HAVE_STRING_H
| # if !defined STDC_HEADERS && defined HAVE_MEMORY_H
| #  include <memory.h>
| # endif
| # include <string.h>
| #endif
| #ifdef HAVE_STRINGS_H
| # include <strings.h>
| #endif
| #ifdef HAVE_INTTYPES_H
| # include <inttypes.h>
| #endif
| #ifdef HAVE_STDINT_H
| # include <stdint.h>
| #endif
| #ifdef HAVE_UNISTD_H
| # include <unistd.h>
| #endif
| int
| main ()
| {
| #ifndef timingsafe_bcmp
| #ifdef __cplusplus
|   (void) timingsafe_bcmp;
| #else
|   (void) timingsafe_bcmp;
| #endif
| #endif
| 
|   ;
|   return 0;
| }
configure:16193: result: no
configure:16207: checking whether preadv is declared
configure:16207: gcc -c -Wall -Wmissing-prototypes -Wpointer-arith -Wdeclaration-after-statement -Werror=vla -Wendif-labels -Wmissing-format-attribute -Wimplicit-fallthrough=3 -Wcast-function-type -Wshadow=compatible-local -Wformat-security -fno-strict-aliasing -fwrapv -fexcess-precision=standard -Wno-format-truncation -Wno-stringop-truncation -O2  -D_GNU_SOURCE  conftest.c >&5
configure:16207: $? = 0
configure:16207: result: yes
configure:16219: checking whether pwritev is declared
configure:16219: gcc -c -Wall -Wmissing-prototypes -Wpointer-arith -Wdeclaration-after-statement -Werror=vla -Wendif-labels -Wmissing-format-attribute -Wimplicit-fallthrough=3 -Wcast-function-type -Wshadow=compatible-local -Wformat-security -fno-strict-aliasing -fwrapv -fexcess-precision=standard -Wno-format-truncation -Wno-stringop-truncation -O2  -D_GNU_SOURCE  conftest.c >&5
configure:16219: $? = 0
configure:16219: result: yes
configure:16231: checking whether strchrnul is declared
configure:16231: gcc -c -Wall -Wmissing-prototypes -Wpointer-arith -Wdeclaration-after-statement -Werror=vla -Wendif-labels -Wmissing-format-attribute -Wimplicit-fallthrough=3 -Wcast-function-type -Wshadow=compatible-local -Wformat-security -fno-strict-aliasing -fwrapv -fexcess-precision=standard -Wno-format-truncation -Wno-stringop-truncation -O2  -D_GNU_SOURCE  conftest.c >&5
configure:16231: $? = 0
configure:16231: result: yes
configure:16243: checking whether memset_s is declared
configure:16243: gcc -c -Wall -Wmissing-prototypes -Wpointer-arith -Wdeclaration-after-statement -Werror=vla -Wendif-labels -Wmissing-format-attribute -Wimplicit-fallthrough=3 -Wcast-function-type -Wshadow=compatible-local -Wformat-security -fno-strict-aliasing -fwrapv -fexcess-precision=standard -Wno-format-truncation -Wno-stringop-truncation -O2  -D_GNU_SOURCE  conftest.c >&5
conftest.c: In function 'main':
conftest.c:104:10: error: 'memset_s' undeclared (first use in this function); did you mean 'memset'?
  104 |   (void) memset_s;
      |          ^~~~~~~~
      |          memset
conftest.c:104:10: note: each undeclared identifier is reported only once for each function it appears in
configure:16243: $? = 1
configure: failed program was:
| /* confdefs.h */
| #define PACKAGE_NAME "PostgreSQL"
| #define PACKAGE_TARNAME "postgresql"
| #define PACKAGE_VERSION "19devel"
| #define PACKAGE_STRING "PostgreSQL 19devel"
| #define PACKAGE_BUGREPORT "pgsql-bugs@lists.postgresql.org"
| #define PACKAGE_URL "https://www.postgresql.org/"
| #define CONFIGURE_ARGS " '--prefix=/tmp/pg_install' '--enable-cassert' '--without-readline'"
| #define PG_MAJORVERSION "19"
| #define PG_MAJORVERSION_NUM 19
| #define PG_MINORVERSION_NUM 0
| #define PG_VERSION "19devel"
| #define DEF_PGPORT 5432
| #define DEF_PGPORT_STR "5432"
| #define BLCKSZ 8192
| #define RELSEG_SIZE 131072
| #define XLOG_BLCKSZ 8192
| #define HAVE_VISIBILITY_ATTRIBUTE 1
| #define DLSUFFIX ".so"
| #define USE_ASSERT_CHECKING 1
| #define USE_ICU 1
| #define PG_KRB_SRVNAM "postgres"
| #define STDC_HEADERS 1
| #define HAVE_SYS_TYPES_H 1
| #define HAVE_SYS_STAT_H 1
| #define HAVE_STDLIB_H 1
| #define HAVE_STRING_H 1
| #define HAVE_MEMORY_H 1
| #define HAVE_STRINGS_H 1
| #define HAVE_INTTYPES_H 1
| #define HAVE_STDINT_H 1
| #define HAVE_UNISTD_H 1
| #define HAVE_PTHREAD_PRIO_INHERIT 1
| #define HAVE_PTHREAD 1
| #define HAVE_STRERROR_R 1
| #define HAVE_LIBM 1
| #define HAVE_LIBZ 1
| #define HAVE_EXECINFO_H 1
| #define HAVE_GETOPT_H 1
| #define HAVE_IFADDRS_H 1
| #define HAVE_SYS_EPOLL_H 1
| #define HAVE_SYS_PERSONALITY_H 1
| #define HAVE_SYS_PRCTL_H 1
| #define HAVE_SYS_SIGNALFD_H 1
| #define HAVE_TERMIOS_H 1
| #define HAVE_UCHAR_H 1
| #define PG_C_PRINTF_ATTRIBUTE gnu_printf
| #define PG_CXX_PRINTF_ATTRIBUTE gnu_printf
| #define HAVE_STATEMENT_EXPRESSIONS 1
| #define HAVE_TYPEOF 1
| #define HAVE__BUILTIN_TYPES_COMPATIBLE_P 1
| #define HAVE__BUILTIN_CONSTANT_P 1
| #define HAVE__BUILTIN_OP_OVERFLOW 1
| #define HAVE__BUILTIN_UNREACHABLE 1
| #define HAVE_COMPUTED_GOTO 1
| #define HAVE_STRUCT_TM_TM_ZONE 1
| #define HAVE_SOCKLEN_T 1
| #define restrict __restrict
| #define pg_restrict __restrict
| #define HAVE_STRUCT_OPTION 1
| #define HAVE_X86_64_POPCNTQ 1
| #define SIZEOF_OFF_T 8
| #define HAVE_INT_TIMEZONE 1
| #define HAVE_BACKTRACE_SYMBOLS 1
| #define HAVE_COPY_FILE_RANGE 1
| #define HAVE_GETAUXVAL 1
| #define HAVE_GETIFADDRS 1
| #define HAVE_INET_PTON 1
| #define HAVE_POSIX_FALLOCATE 1
| #define HAVE_PPOLL 1
| #define HAVE_STRSIGNAL 1
| #define HAVE_SYNCFS 1
| #define HAVE_SYNC_FILE_RANGE 1
| #define HAVE_USELOCALE 1
| #define HAVE__BUILTIN_BSWAP16 1
| #define HAVE__BUILTIN_BSWAP32 1
| #define HAVE__BUILTIN_BSWAP64 1
| #define HAVE__BUILTIN_CLZ 1
| #define HAVE__BUILTIN_CTZ 1
| #define HAVE__BUILTIN_POPCOUNT 1
| #define HAVE__BUILTIN_FRAME_ADDRESS 1
| #define HAVE_FSEEKO 1
| #define HAVE_POSIX_FADVISE 1
| #define HAVE_DECL_POSIX_FADVISE 1
| #define HAVE_DECL_FDATASYNC 1
| #define HAVE_DECL_STRLCAT 1
| #define HAVE_DECL_STRLCPY 1
| #define HAVE_DECL_STRSEP 1
| #define HAVE_DECL_TIMINGSAFE_BCMP 0
| #define HAVE_DECL_PREADV 1
| #define HAVE_DECL_PWRITEV 1
| #define HAVE_DECL_STRCHRNUL 1
| /* end confdefs.h.  */
| #define __STDC_WANT_LIB_EXT1__ 1
| #include <string.h>
| 
| int
| main ()
| {
| #ifndef memset_s
| #ifdef __cplusplus
|   (void) memset_s;
| #else
|   (void) memset_s;
| #endif
| #endif
| 
|   ;
|   return 0;
| }
configure:16243: result: no
configure:16258: checking whether F_FULLFSYNC is declared
configure:16258: gcc -c -Wall -Wmissing-prototypes -Wpointer-arith -Wdeclaration-after-statement -Werror=vla -Wendif-labels -Wmissing-format-attribute -Wimplicit-fallthrough=3 -Wcast-function-type -Wshadow=compatible-local -Wformat-security -fno-strict-aliasing -fwrapv -fexcess-precision=standard -Wno-format-truncation -Wno-stringop-truncation -O2  -D_GNU_SOURCE  conftest.c >&5
conftest.c: In function 'main':
conftest.c:104:10: error: 'F_FULLFSYNC' undeclared (first use in this function)
  104 |   (void) F_FULLFSYNC;
      |          ^~~~~~~~~~~
conftest.c:104:10: note: each undeclared identifier is reported only once for each function it appears in
configure:16258: $? = 1
configure: failed program was:
| /* confdefs.h */
| #define PACKAGE_NAME "PostgreSQL"
| #define PACKAGE_TARNAME "postgresql"
| #define PACKAGE_VERSION "19devel"
| #define PACKAGE_STRING "PostgreSQL 19devel"
| #define PACKAGE_BUGREPORT "pgsql-bugs@lists.postgresql.org"
| #define PACKAGE_URL "https://www.postgresql.org/"
| #define CONFIGURE_ARGS " '--prefix=/tmp/pg_install' '--enable-cassert' '--without-readline'"
| #define PG_MAJORVERSION "19"
| #define PG_MAJORVERSION_NUM 19
| #define PG_MINORVERSION_NUM 0
| #define PG_VERSION "19devel"
| #define DEF_PGPORT 5432
| #define DEF_PGPORT_STR "5432"
| #define BLCKSZ 8192
| #define RELSEG_SIZE 131072
| #define XLOG_BLCKSZ 8192
| #define HAVE_VISIBILITY_ATTRIBUTE 1
| #define DLSUFFIX ".so"
| #define USE_ASSERT_CHECKING 1
| #define USE_ICU 1
| #define PG_KRB_SRVNAM "postgres"
| #define STDC_HEADERS 1
| #define HAVE_SYS_TYPES_H 1
| #define HAVE_SYS_STAT_H 1
| #define HAVE_STDLIB_H 1
| #define HAVE_STRING_H 1
| #define HAVE_MEMORY_H 1
| #define HAVE_STRINGS_H 1
| #define HAVE_INTTYPES_H 1
| #define HAVE_STDINT_H 1
| #define HAVE_UNISTD_H 1
| #define HAVE_PTHREAD_PRIO_INHERIT 1
| #define HAVE_PTHREAD 1
| #define HAVE_STRERROR_R 1
| #define HAVE_LIBM 1
| #define HAVE_LIBZ 1
| #define HAVE_EXECINFO_H 1
| #define HAVE_GETOPT_H 1
| #define HAVE_IFADDRS_H 1
| #define HAVE_SYS_EPOLL_H 1
| #define HAVE_SYS_PERSONALITY_H 1
| #define HAVE_SYS_PRCTL_H 1
| #define HAVE_SYS_SIGNALFD_H 1
| #define HAVE_TERMIOS_H 1
| #define HAVE_UCHAR_H 1
| #define PG_C_PRINTF_ATTRIBUTE gnu_printf
| #define PG_CXX_PRINTF_ATTRIBUTE gnu_printf
| #define HAVE_STATEMENT_EXPRESSIONS 1
| #define HAVE_TYPEOF 1
| #define HAVE__BUILTIN_TYPES_COMPATIBLE_P 1
| #define HAVE__BUILTIN_CONSTANT_P 1
| #define HAVE__BUILTIN_OP_OVERFLOW 1
| #define HAVE__BUILTIN_UNREACHABLE 1
| #define HAVE_COMPUTED_GOTO 1
| #define HAVE_STRUCT_TM_TM_ZONE 1
| #define HAVE_SOCKLEN_T 1
| #define restrict __restrict
| #define pg_restrict __restrict
| #define HAVE_STRUCT_OPTION 1
| #define HAVE_X86_64_POPCNTQ 1
| #define SIZEOF_OFF_T 8
| #define HAVE_INT_TIMEZONE 1
| #define HAVE_BACKTRACE_SYMBOLS 1
| #define HAVE_COPY_FILE_RANGE 1
| #define HAVE_GETAUXVAL 1
| #define HAVE_GETIFADDRS 1
| #define HAVE_INET_PTON 1
| #define HAVE_POSIX_FALLOCATE 1
| #define HAVE_PPOLL 1
| #define HAVE_STRSIGNAL 1
| #define HAVE_SYNCFS 1
| #define HAVE_SYNC_FILE_RANGE 1
| #define HAVE_USELOCALE 1
| #define HAVE__BUILTIN_BSWAP16 1
| #define HAVE__BUILTIN_BSWAP32 1
| #define HAVE__BUILTIN_BSWAP64 1
| #define HAVE__BUILTIN_CLZ 1
| #define HAVE__BUILTIN_CTZ 1
| #define HAVE__BUILTIN_POPCOUNT 1
| #define HAVE__BUILTIN_FRAME_ADDRESS 1
| #define HAVE_FSEEKO 1
| #define HAVE_POSIX_FADVISE 1
| #define HAVE_DECL_POSIX_FADVISE 1
| #define HAVE_DECL_FDATASYNC 1
| #define HAVE_DECL_STRLCAT 1
| #define HAVE_DECL_STRLCPY 1
| #define HAVE_DECL_STRSEP 1
| #define HAVE_DECL_TIMINGSAFE_BCMP 0
| #define HAVE_DECL_PREADV 1
| #define HAVE_DECL_PWRITEV 1
| #define HAVE_DECL_STRCHRNUL 1
| #define HAVE_DECL_MEMSET_S 0
| /* end confdefs.h.  */
| #include <fcntl.h>
| 
| int
| main ()
| {
| #ifndef F_FULLFSYNC
| #ifdef __cplusplus
|   (void) F_FULLFSYNC;
| #else
|   (void) F_FULLFSYNC;
| #endif
| #endif
| 
|   ;
|   return 0;
| }
configure:16258: result: no
configure:16271: checking for explicit_bzero
configure:16271: gcc -o conftest -Wall -Wmissing-prototypes -Wpointer-arith -Wdeclaration-after-statement -Werror=vla -Wendif-labels -Wmissing-format-attribute -Wimplicit-fallthrough=3 -Wcast-function-type -Wshadow=compatible-local -Wformat-security -fno-strict-aliasing -fwrapv -fexcess-precision=standard -Wno-format-truncation -Wno-stringop-truncation -O2  -D_GNU_SOURCE    conftest.c -lz -lm  >&5
configure:16271: $? = 0
configure:16271: result: yes
configure:16284: checking for getopt
configure:16284: gcc -o conftest -Wall -Wmissing-prototypes -Wpointer-arith -Wdeclaration-after-statement -Werror=vla -Wendif-labels -Wmissing-format-attribute -Wimplicit-fallthrough=3 -Wcast-function-type -Wshadow=compatible-local -Wformat-security -fno-strict-aliasing -fwrapv -fexcess-precision=standard -Wno-format-truncation -Wno-stringop-truncation -O2  -D_GNU_SOURCE    conftest.c -lz -lm  >&5
configure:16284: $? = 0
configure:16284: result: yes
configure:16297: checking for getpeereid
configure:16297: gcc -o conftest -Wall -Wmissing-prototypes -Wpointer-arith -Wdeclaration-after-statement -Werror=vla -Wendif-labels -Wmissing-format-attribute -Wimplicit-fallthrough=3 -Wcast-function-type -Wshadow=compatible-local -Wformat-security -fno-strict-aliasing -fwrapv -fexcess-precision=standard -Wno-format-truncation -Wno-stringop-truncation -O2  -D_GNU_SOURCE    conftest.c -lz -lm  >&5
/usr/bin/ld: /tmp/ccw4c4Zw.o: in function `main':
conftest.c:(.text.startup+0xb): undefined reference to `getpeereid'
collect2: error: ld returned 1 exit status
configure:16297: $? = 1
configure: failed program was:
| /* confdefs.h */
| #define PACKAGE_NAME "PostgreSQL"
| #define PACKAGE_TARNAME "postgresql"
| #define PACKAGE_VERSION "19devel"
| #define PACKAGE_STRING "PostgreSQL 19devel"
| #define PACKAGE_BUGREPORT "pgsql-bugs@lists.postgresql.org"
| #define PACKAGE_URL "https://www.postgresql.org/"
| #define CONFIGURE_ARGS " '--prefix=/tmp/pg_install' '--enable-cassert' '--without-readline'"
| #define PG_MAJORVERSION "19"
| #define PG_MAJORVERSION_NUM 19
| #define PG_MINORVERSION_NUM 0
| #define PG_VERSION "19devel"
| #define DEF_PGPORT 5432
| #define DEF_PGPORT_STR "5432"
| #define BLCKSZ 8192
| #define RELSEG_SIZE 131072
| #define XLOG_BLCKSZ 8192
| #define HAVE_VISIBILITY_ATTRIBUTE 1
| #define DLSUFFIX ".so"
| #define USE_ASSERT_CHECKING 1
| #define USE_ICU 1
| #define PG_KRB_SRVNAM "postgres"
| #define STDC_HEADERS 1
| #define HAVE_SYS_TYPES_H 1
| #define HAVE_SYS_STAT_H 1
| #define HAVE_STDLIB_H 1
| #define HAVE_STRING_H 1
| #define HAVE_MEMORY_H 1
| #define HAVE_STRINGS_H 1
| #define HAVE_INTTYPES_H 1
| #define HAVE_STDINT_H 1
| #define HAVE_UNISTD_H 1
| #define HAVE_PTHREAD_PRIO_INHERIT 1
| #define HAVE_PTHREAD 1
| #define HAVE_STRERROR_R 1
| #define HAVE_LIBM 1
| #define HAVE_LIBZ 1
| #define HAVE_EXECINFO_H 1
| #define HAVE_GETOPT_H 1
| #define HAVE_IFADDRS_H 1
| #define HAVE_SYS_EPOLL_H 1
| #define HAVE_SYS_PERSONALITY_H 1
| #define HAVE_SYS_PRCTL_H 1
| #define HAVE_SYS_SIGNALFD_H 1
| #define HAVE_TERMIOS_H 1
| #define HAVE_UCHAR_H 1
| #define PG_C_PRINTF_ATTRIBUTE gnu_printf
| #define PG_CXX_PRINTF_ATTRIBUTE gnu_printf
| #define HAVE_STATEMENT_EXPRESSIONS 1
| #define HAVE_TYPEOF 1
| #define HAVE__BUILTIN_TYPES_COMPATIBLE_P 1
| #define HAVE__BUILTIN_CONSTANT_P 1
| #define HAVE__BUILTIN_OP_OVERFLOW 1
| #define HAVE__BUILTIN_UNREACHABLE 1
| #define HAVE_COMPUTED_GOTO 1
| #define HAVE_STRUCT_TM_TM_ZONE 1
| #define HAVE_SOCKLEN_T 1
| #define restrict __restrict
| #define pg_restrict __restrict
| #define HAVE_STRUCT_OPTION 1
| #define HAVE_X86_64_POPCNTQ 1
| #define SIZEOF_OFF_T 8
| #define HAVE_INT_TIMEZONE 1
| #define HAVE_BACKTRACE_SYMBOLS 1
| #define HAVE_COPY_FILE_RANGE 1
| #define HAVE_GETAUXVAL 1
| #define HAVE_GETIFADDRS 1
| #define HAVE_INET_PTON 1
| #define HAVE_POSIX_FALLOCATE 1
| #define HAVE_PPOLL 1
| #define HAVE_STRSIGNAL 1
| #define HAVE_SYNCFS 1
| #define HAVE_SYNC_FILE_RANGE 1
| #define HAVE_USELOCALE 1
| #define HAVE__BUILTIN_BSWAP16 1
| #define HAVE__BUILTIN_BSWAP32 1
| #define HAVE__BUILTIN_BSWAP64 1
| #define HAVE__BUILTIN_CLZ 1
| #define HAVE__BUILTIN_CTZ 1
| #define HAVE__BUILTIN_POPCOUNT 1
| #define HAVE__BUILTIN_FRAME_ADDRESS 1
| #define HAVE_FSEEKO 1
| #define HAVE_POSIX_FADVISE 1
| #define HAVE_DECL_POSIX_FADVISE 1
| #define HAVE_DECL_FDATASYNC 1
| #define HAVE_DECL_STRLCAT 1
| #define HAVE_DECL_STRLCPY 1
| #define HAVE_DECL_STRSEP 1
| #define HAVE_DECL_TIMINGSAFE_BCMP 0
| #define HAVE_DECL_PREADV 1
| #define HAVE_DECL_PWRITEV 1
| #define HAVE_DECL_STRCHRNUL 1
| #define HAVE_DECL_MEMSET_S 0
| #define HAVE_DECL_F_FULLFSYNC 0
| #define HAVE_EXPLICIT_BZERO 1
| #define HAVE_GETOPT 1
| /* end confdefs.h.  */
| /* Define getpeereid to an innocuous variant, in case <limits.h> declares getpeereid.
|    For example, HP-UX 11i <limits.h> declares gettimeofday.  */
| #define getpeereid innocuous_getpeereid
| 
| /* System header to define __stub macros and hopefully few prototypes,
|     which can conflict with char getpeereid (); below.
|     Prefer <limits.h> to <assert.h> if __STDC__ is defined, since
|     <limits.h> exists even on freestanding compilers.  */
| 
| #ifdef __STDC__
| # include <limits.h>
| #else
| # include <assert.h>
| #endif
| 
| #undef getpeereid
| 
| /* Override any GCC internal prototype to avoid an error.
|    Use char because int might match the return type of a GCC
|    builtin and then its argument prototype would still apply.  */
| #ifdef __cplusplus
| extern "C"
| #endif
| char getpeereid ();
| /* The GNU C library defines this for functions which it implements
|     to always fail with ENOSYS.  Some functions are actually named
|     something starting with __ and the normal name is an alias.  */
| #if defined __stub_getpeereid || defined __stub___getpeereid
| choke me
| #endif
| 
| int
| main ()
| {
| return getpeereid ();
|   ;
|   return 0;
| }
configure:16297: result: no
configure:16310: checking for inet_aton
configure:16310: gcc -o conftest -Wall -Wmissing-prototypes -Wpointer-arith -Wdeclaration-after-statement -Werror=vla -Wendif-labels -Wmissing-format-attribute -Wimplicit-fallthrough=3 -Wcast-function-type -Wshadow=compatible-local -Wformat-security -fno-strict-aliasing -fwrapv -fexcess-precision=standard -Wno-format-truncation -Wno-stringop-truncation -O2  -D_GNU_SOURCE    conftest.c -lz -lm  >&5
configure:16310: $? = 0
configure:16310: result: yes
configure:16323: checking for mkdtemp
configure:16323: gcc -o conftest -Wall -Wmissing-prototypes -Wpointer-arith -Wdeclaration-after-statement -Werror=vla -Wendif-labels -Wmissing-format-attribute -Wimplicit-fallthrough=3 -Wcast-function-type -Wshadow=compatible-local -Wformat-security -fno-strict-aliasing -fwrapv -fexcess-precision=standard -Wno-format-truncation -Wno-stringop-truncation -O2  -D_GNU_SOURCE    conftest.c -lz -lm  >&5
configure:16323: $? = 0
configure:16323: result: yes
configure:16336: checking for strlcat
configure:16336: gcc -o conftest -Wall -Wmissing-prototypes -Wpointer-arith -Wdeclaration-after-statement -Werror=vla -Wendif-labels -Wmissing-format-attribute -Wimplicit-fallthrough=3 -Wcast-function-type -Wshadow=compatible-local -Wformat-security -fno-strict-aliasing -fwrapv -fexcess-precision=standard -Wno-format-truncation -Wno-stringop-truncation -O2  -D_GNU_SOURCE    conftest.c -lz -lm  >&5
configure:16336: $? = 0
configure:16336: result: yes
configure:16349: checking for strlcpy
configure:16349: gcc -o conftest -Wall -Wmissing-prototypes -Wpointer-arith -Wdeclaration-after-statement -Werror=vla -Wendif-labels -Wmissing-format-attribute -Wimplicit-fallthrough=3 -Wcast-function-type -Wshadow=compatible-local -Wformat-security -fno-strict-aliasing -fwrapv -fexcess-precision=standard -Wno-format-truncation -Wno-stringop-truncation -O2  -D_GNU_SOURCE    conftest.c -lz -lm  >&5
configure:16349: $? = 0
configure:16349: result: yes
configure:16362: checking for strsep
configure:16362: gcc -o conftest -Wall -Wmissing-prototypes -Wpointer-arith -Wdeclaration-after-statement -Werror=vla -Wendif-labels -Wmissing-format-attribute -Wimplicit-fallthrough=3 -Wcast-function-type -Wshadow=compatible-local -Wformat-security -fno-strict-aliasing -fwrapv -fexcess-precision=standard -Wno-format-truncation -Wno-stringop-truncation -O2  -D_GNU_SOURCE    conftest.c -lz -lm  >&5
configure:16362: $? = 0
configure:16362: result: yes
configure:16375: checking for timingsafe_bcmp
configure:16375: gcc -o conftest -Wall -Wmissing-prototypes -Wpointer-arith -Wdeclaration-after-statement -Werror=vla -Wendif-labels -Wmissing-format-attribute -Wimplicit-fallthrough=3 -Wcast-function-type -Wshadow=compatible-local -Wformat-security -fno-strict-aliasing -fwrapv -fexcess-precision=standard -Wno-format-truncation -Wno-stringop-truncation -O2  -D_GNU_SOURCE    conftest.c -lz -lm  >&5
/usr/bin/ld: /tmp/cc9hVN36.o: in function `main':
conftest.c:(.text.startup+0xb): undefined reference to `timingsafe_bcmp'
collect2: error: ld returned 1 exit status
configure:16375: $? = 1
configure: failed program was:
| /* confdefs.h */
| #define PACKAGE_NAME "PostgreSQL"
| #define PACKAGE_TARNAME "postgresql"
| #define PACKAGE_VERSION "19devel"
| #define PACKAGE_STRING "PostgreSQL 19devel"
| #define PACKAGE_BUGREPORT "pgsql-bugs@lists.postgresql.org"
| #define PACKAGE_URL "https://www.postgresql.org/"
| #define CONFIGURE_ARGS " '--prefix=/tmp/pg_install' '--enable-cassert' '--without-readline'"
| #define PG_MAJORVERSION "19"
| #define PG_MAJORVERSION_NUM 19
| #define PG_MINORVERSION_NUM 0
| #define PG_VERSION "19devel"
| #define DEF_PGPORT 5432
| #define DEF_PGPORT_STR "5432"
| #define BLCKSZ 8192
| #define RELSEG_SIZE 131072
| #define XLOG_BLCKSZ 8192
| #define HAVE_VISIBILITY_ATTRIBUTE 1
| #define DLSUFFIX ".so"
| #define USE_ASSERT_CHECKING 1
| #define USE_ICU 1
| #define PG_KRB_SRVNAM "postgres"
| #define STDC_HEADERS 1
| #define HAVE_SYS_TYPES_H 1
| #define HAVE_SYS_STAT_H 1
| #define HAVE_STDLIB_H 1
| #define HAVE_STRING_H 1
| #define HAVE_MEMORY_H 1
| #define HAVE_STRINGS_H 1
| #define HAVE_INTTYPES_H 1
| #define HAVE_STDINT_H 1
| #define HAVE_UNISTD_H 1
| #define HAVE_PTHREAD_PRIO_INHERIT 1
| #define HAVE_PTHREAD 1
| #define HAVE_STRERROR_R 1
| #define HAVE_LIBM 1
| #define HAVE_LIBZ 1
| #define HAVE_EXECINFO_H 1
| #define HAVE_GETOPT_H 1
| #define HAVE_IFADDRS_H 1
| #define HAVE_SYS_EPOLL_H 1
| #define HAVE_SYS_PERSONALITY_H 1
| #define HAVE_SYS_PRCTL_H 1
| #define HAVE_SYS_SIGNALFD_H 1
| #define HAVE_TERMIOS_H 1
| #define HAVE_UCHAR_H 1
| #define PG_C_PRINTF_ATTRIBUTE gnu_printf
| #define PG_CXX_PRINTF_ATTRIBUTE gnu_printf
| #define HAVE_STATEMENT_EXPRESSIONS 1
| #define HAVE_TYPEOF 1
| #define HAVE__BUILTIN_TYPES_COMPATIBLE_P 1
| #define HAVE__BUILTIN_CONSTANT_P 1
| #define HAVE__BUILTIN_OP_OVERFLOW 1
| #define HAVE__BUILTIN_UNREACHABLE 1
| #define HAVE_COMPUTED_GOTO 1
| #define HAVE_STRUCT_TM_TM_ZONE 1
| #define HAVE_SOCKLEN_T 1
| #define restrict __restrict
| #define pg_restrict __restrict
| #define HAVE_STRUCT_OPTION 1
| #define HAVE_X86_64_POPCNTQ 1
| #define SIZEOF_OFF_T 8
| #define HAVE_INT_TIMEZONE 1
| #define HAVE_BACKTRACE_SYMBOLS 1
| #define HAVE_COPY_FILE_RANGE 1
| #define HAVE_GETAUXVAL 1
| #define HAVE_GETIFADDRS 1
| #define HAVE_INET_PTON 1
| #define HAVE_POSIX_FALLOCATE 1
| #define HAVE_PPOLL 1
| #define HAVE_STRSIGNAL 1
| #define HAVE_SYNCFS 1
| #define HAVE_SYNC_FILE_RANGE 1
| #define HAVE_USELOCALE 1
| #define HAVE__BUILTIN_BSWAP16 1
| #define HAVE__BUILTIN_BSWAP32 1
| #define HAVE__BUILTIN_BSWAP64 1
| #define HAVE__BUILTIN_CLZ 1
| #define HAVE__BUILTIN_CTZ 1
| #define HAVE__BUILTIN_POPCOUNT 1
| #define HAVE__BUILTIN_FRAME_ADDRESS 1
| #define HAVE_FSEEKO 1
| #define HAVE_POSIX_FADVISE 1
| #define HAVE_DECL_POSIX_FADVISE 1
| #define HAVE_DECL_FDATASYNC 1
| #define HAVE_DECL_STRLCAT 1
| #define HAVE_DECL_STRLCPY 1
| #define HAVE_DECL_STRSEP 1
| #define HAVE_DECL_TIMINGSAFE_BCMP 0
| #define HAVE_DECL_PREADV 1
| #define HAVE_DECL_PWRITEV 1
| #define HAVE_DECL_STRCHRNUL 1
| #define HAVE_DECL_MEMSET_S 0
| #define HAVE_DECL_F_FULLFSYNC 0
| #define HAVE_EXPLICIT_BZERO 1
| #define HAVE_GETOPT 1
| #define HAVE_INET_ATON 1
| #define HAVE_MKDTEMP 1
| #define HAVE_STRLCAT 1
| #define HAVE_STRLCPY 1
| #define HAVE_STRSEP 1
| /* end confdefs.h.  */
| /* Define timingsafe_bcmp to an innocuous variant, in case <limits.h> declares timingsafe_bcmp.
|    For example, HP-UX 11i <limits.h> declares gettimeofday.  */
| #define timingsafe_bcmp innocuous_timingsafe_bcmp
| 
| /* System header to define __stub macros and hopefully few prototypes,
|     which can conflict with char timingsafe_bcmp (); below.
|     Prefer <limits.h> to <assert.h> if __STDC__ is defined, since
|     <limits.h> exists even on freestanding compilers.  */
| 
| #ifdef __STDC__
| # include <limits.h>
| #else
| # include <assert.h>
| #endif
| 
| #undef timingsafe_bcmp
| 
| /* Override any GCC internal prototype to avoid an error.
|    Use char because int might match the return type of a GCC
|    builtin and then its argument prototype would still apply.  */
| #ifdef __cplusplus
| extern "C"
| #endif
| char timingsafe_bcmp ();
| /* The GNU C library defines this for functions which it implements
|     to always fail with ENOSYS.  Some functions are actually named
|     something starting with __ and the normal name is an alias.  */
| #if defined __stub_timingsafe_bcmp || defined __stub___timingsafe_bcmp
| choke me
| #endif
| 
| int
| main ()
| {
| return timingsafe_bcmp ();
|   ;
|   return 0;
| }
configure:16375: result: no
configure:16390: checking for pthread_barrier_wait
configure:16390: gcc -o conftest -Wall -Wmissing-prototypes -Wpointer-arith -Wdeclaration-after-statement -Werror=vla -Wendif-labels -Wmissing-format-attribute -Wimplicit-fallthrough=3 -Wcast-function-type -Wshadow=compatible-local -Wformat-security -fno-strict-aliasing -fwrapv -fexcess-precision=standard -Wno-format-truncation -Wno-stringop-truncation -O2  -D_GNU_SOURCE    conftest.c -lz -lm  >&5
configure:16390: $? = 0
configure:16390: result: yes
configure:16422: checking for getopt_long
configure:16422: gcc -o conftest -Wall -Wmissing-prototypes -Wpointer-arith -Wdeclaration-after-statement -Werror=vla -Wendif-labels -Wmissing-format-attribute -Wimplicit-fallthrough=3 -Wcast-function-type -Wshadow=compatible-local -Wformat-security -fno-strict-aliasing -fwrapv -fexcess-precision=standard -Wno-format-truncation -Wno-stringop-truncation -O2  -D_GNU_SOURCE    conftest.c -lz -lm  >&5
configure:16422: $? = 0
configure:16422: result: yes
configure:16594: checking for syslog
configure:16594: gcc -o conftest -Wall -Wmissing-prototypes -Wpointer-arith -Wdeclaration-after-statement -Werror=vla -Wendif-labels -Wmissing-format-attribute -Wimplicit-fallthrough=3 -Wcast-function-type -Wshadow=compatible-local -Wformat-security -fno-strict-aliasing -fwrapv -fexcess-precision=standard -Wno-format-truncation -Wno-stringop-truncation -O2  -D_GNU_SOURCE    conftest.c -lz -lm  >&5
configure:16594: $? = 0
configure:16594: result: yes
configure:16596: checking syslog.h usability
configure:16596: gcc -c -Wall -Wmissing-prototypes -Wpointer-arith -Wdeclaration-after-statement -Werror=vla -Wendif-labels -Wmissing-format-attribute -Wimplicit-fallthrough=3 -Wcast-function-type -Wshadow=compatible-local -Wformat-security -fno-strict-aliasing -fwrapv -fexcess-precision=standard -Wno-format-truncation -Wno-stringop-truncation -O2  -D_GNU_SOURCE  conftest.c >&5
configure:16596: $? = 0
configure:16596: result: yes
configure:16596: checking syslog.h presence
configure:16596: gcc -E  -D_GNU_SOURCE  conftest.c
configure:16596: $? = 0
configure:16596: result: yes
configure:16596: checking for syslog.h
configure:16596: result: yes
configure:16607: checking for opterr
configure:16623: gcc -o conftest -Wall -Wmissing-prototypes -Wpointer-arith -Wdeclaration-after-statement -Werror=vla -Wendif-labels -Wmissing-format-attribute -Wimplicit-fallthrough=3 -Wcast-function-type -Wshadow=compatible-local -Wformat-security -fno-strict-aliasing -fwrapv -fexcess-precision=standard -Wno-format-truncation -Wno-stringop-truncation -O2  -D_GNU_SOURCE    conftest.c -lz -lm  >&5
configure:16623: $? = 0
configure:16631: result: yes
configure:16639: checking for optreset
configure:16655: gcc -o conftest -Wall -Wmissing-prototypes -Wpointer-arith -Wdeclaration-after-statement -Werror=vla -Wendif-labels -Wmissing-format-attribute -Wimplicit-fallthrough=3 -Wcast-function-type -Wshadow=compatible-local -Wformat-security -fno-strict-aliasing -fwrapv -fexcess-precision=standard -Wno-format-truncation -Wno-stringop-truncation -O2  -D_GNU_SOURCE    conftest.c -lz -lm  >&5
/usr/bin/ld: /tmp/ccmKl9uu.o: warning: relocation against `optreset' in read-only section `.text.startup'
/usr/bin/ld: /tmp/ccmKl9uu.o: in function `main':
conftest.c:(.text.startup+0x6): undefined reference to `optreset'
/usr/bin/ld: warning: creating DT_TEXTREL in a PIE
collect2: error: ld returned 1 exit status
configure:16655: $? = 1
configure: failed program was:
| /* confdefs.h */
| #define PACKAGE_NAME "PostgreSQL"
| #define PACKAGE_TARNAME "postgresql"
| #define PACKAGE_VERSION "19devel"
| #define PACKAGE_STRING "PostgreSQL 19devel"
| #define PACKAGE_BUGREPORT "pgsql-bugs@lists.postgresql.org"
| #define PACKAGE_URL "https://www.postgresql.org/"
| #define CONFIGURE_ARGS " '--prefix=/tmp/pg_install' '--enable-cassert' '--without-readline'"
| #define PG_MAJORVERSION "19"
| #define PG_MAJORVERSION_NUM 19
| #define PG_MINORVERSION_NUM 0
| #define PG_VERSION "19devel"
| #define DEF_PGPORT 5432
| #define DEF_PGPORT_STR "5432"
| #define BLCKSZ 8192
| #define RELSEG_SIZE 131072
| #define XLOG_BLCKSZ 8192
| #define HAVE_VISIBILITY_ATTRIBUTE 1
| #define DLSUFFIX ".so"
| #define USE_ASSERT_CHECKING 1
| #define USE_ICU 1
| #define PG_KRB_SRVNAM "postgres"
| #define STDC_HEADERS 1
| #define HAVE_SYS_TYPES_H 1
| #define HAVE_SYS_STAT_H 1
| #define HAVE_STDLIB_H 1
| #define HAVE_STRING_H 1
| #define HAVE_MEMORY_H 1
| #define HAVE_STRINGS_H 1
| #define HAVE_INTTYPES_H 1
| #define HAVE_STDINT_H 1
| #define HAVE_UNISTD_H 1
| #define HAVE_PTHREAD_PRIO_INHERIT 1
| #define HAVE_PTHREAD 1
| #define HAVE_STRERROR_R 1
| #define HAVE_LIBM 1
| #define HAVE_LIBZ 1
| #define HAVE_EXECINFO_H 1
| #define HAVE_GETOPT_H 1
| #define HAVE_IFADDRS_H 1
| #define HAVE_SYS_EPOLL_H 1
| #define HAVE_SYS_PERSONALITY_H 1
| #define HAVE_SYS_PRCTL_H 1
| #define HAVE_SYS_SIGNALFD_H 1
| #define HAVE_TERMIOS_H 1
| #define HAVE_UCHAR_H 1
| #define PG_C_PRINTF_ATTRIBUTE gnu_printf
| #define PG_CXX_PRINTF_ATTRIBUTE gnu_printf
| #define HAVE_STATEMENT_EXPRESSIONS 1
| #define HAVE_TYPEOF 1
| #define HAVE__BUILTIN_TYPES_COMPATIBLE_P 1
| #define HAVE__BUILTIN_CONSTANT_P 1
| #define HAVE__BUILTIN_OP_OVERFLOW 1
| #define HAVE__BUILTIN_UNREACHABLE 1
| #define HAVE_COMPUTED_GOTO 1
| #define HAVE_STRUCT_TM_TM_ZONE 1
| #define HAVE_SOCKLEN_T 1
| #define restrict __restrict
| #define pg_restrict __restrict
| #define HAVE_STRUCT_OPTION 1
| #define HAVE_X86_64_POPCNTQ 1
| #define SIZEOF_OFF_T 8
| #define HAVE_INT_TIMEZONE 1
| #define HAVE_BACKTRACE_SYMBOLS 1
| #define HAVE_COPY_FILE_RANGE 1
| #define HAVE_GETAUXVAL 1
| #define HAVE_GETIFADDRS 1
| #define HAVE_INET_PTON 1
| #define HAVE_POSIX_FALLOCATE 1
| #define HAVE_PPOLL 1
| #define HAVE_STRSIGNAL 1
| #define HAVE_SYNCFS 1
| #define HAVE_SYNC_FILE_RANGE 1
| #define HAVE_USELOCALE 1
| #define HAVE__BUILTIN_BSWAP16 1
| #define HAVE__BUILTIN_BSWAP32 1
| #define HAVE__BUILTIN_BSWAP64 1
| #define HAVE__BUILTIN_CLZ 1
| #define HAVE__BUILTIN_CTZ 1
| #define HAVE__BUILTIN_POPCOUNT 1
| #define HAVE__BUILTIN_FRAME_ADDRESS 1
| #define HAVE_FSEEKO 1
| #define HAVE_POSIX_FADVISE 1
| #define HAVE_DECL_POSIX_FADVISE 1
| #define HAVE_DECL_FDATASYNC 1
| #define HAVE_DECL_STRLCAT 1
| #define HAVE_DECL_STRLCPY 1
| #define HAVE_DECL_STRSEP 1
| #define HAVE_DECL_TIMINGSAFE_BCMP 0
| #define HAVE_DECL_PREADV 1
| #define HAVE_DECL_PWRITEV 1
| #define HAVE_DECL_STRCHRNUL 1
| #define HAVE_DECL_MEMSET_S 0
| #define HAVE_DECL_F_FULLFSYNC 0
| #define HAVE_EXPLICIT_BZERO 1
| #define HAVE_GETOPT 1
| #define HAVE_INET_ATON 1
| #define HAVE_MKDTEMP 1
| #define HAVE_STRLCAT 1
| #define HAVE_STRLCPY 1
| #define HAVE_STRSEP 1
| #define HAVE_PTHREAD_BARRIER_WAIT 1
| #define HAVE_GETOPT_LONG 1
| #define HAVE_SYSLOG 1
| #define HAVE_INT_OPTERR 1
| /* end confdefs.h.  */
| #include <unistd.h>
| int
| main ()
| {
| extern int optreset; optreset = 1;
|   ;
|   return 0;
| }
configure:16663: result: no
configure:16676: checking unicode/ucol.h usability
configure:16676: gcc -c -Wall -Wmissing-prototypes -Wpointer-arith -Wdeclaration-after-statement -Werror=vla -Wendif-labels -Wmissing-format-attribute -Wimplicit-fallthrough=3 -Wcast-function-type -Wshadow=compatible-local -Wformat-security -fno-strict-aliasing -fwrapv -fexcess-precision=standard -Wno-format-truncation -Wno-stringop-truncation -O2  -D_GNU_SOURCE   conftest.c >&5
configure:16676: $? = 0
configure:16676: result: yes
configure:16676: checking unicode/ucol.h presence
configure:16676: gcc -E  -D_GNU_SOURCE   conftest.c
configure:16676: $? = 0
configure:16676: result: yes
configure:16676: checking for unicode/ucol.h
configure:16676: result: yes
configure:16829: checking test program
configure:16839: gcc -o conftest -Wall -Wmissing-prototypes -Wpointer-arith -Wdeclaration-after-statement -Werror=vla -Wendif-labels -Wmissing-format-attribute -Wimplicit-fallthrough=3 -Wcast-function-type -Wshadow=compatible-local -Wformat-security -fno-strict-aliasing -fwrapv -fexcess-precision=standard -Wno-format-truncation -Wno-stringop-truncation -O2  -D_GNU_SOURCE    conftest.c -lz -lm  >&5
configure:16839: $? = 0
configure:16839: ./conftest
configure:16839: $? = 0
configure:16840: result: ok
configure:16864: checking size of void *
configure:16869: gcc -o conftest -Wall -Wmissing-prototypes -Wpointer-arith -Wdeclaration-after-statement -Werror=vla -Wendif-labels -Wmissing-format-attribute -Wimplicit-fallthrough=3 -Wcast-function-type -Wshadow=compatible-local -Wformat-security -fno-strict-aliasing -fwrapv -fexcess-precision=standard -Wno-format-truncation -Wno-stringop-truncation -O2  -D_GNU_SOURCE    conftest.c -lz -lm  >&5
configure:16869: $? = 0
configure:16869: ./conftest
configure:16869: $? = 0
configure:16883: result: 8
configure:16897: checking size of size_t
configure:16902: gcc -o conftest -Wall -Wmissing-prototypes -Wpointer-arith -Wdeclaration-after-statement -Werror=vla -Wendif-labels -Wmissing-format-attribute -Wimplicit-fallthrough=3 -Wcast-function-type -Wshadow=compatible-local -Wformat-security -fno-strict-aliasing -fwrapv -fexcess-precision=standard -Wno-format-truncation -Wno-stringop-truncation -O2  -D_GNU_SOURCE    conftest.c -lz -lm  >&5
configure:16902: $? = 0
configure:16902: ./conftest
configure:16902: $? = 0
configure:16916: result: 8
configure:16930: checking size of long
configure:16935: gcc -o conftest -Wall -Wmissing-prototypes -Wpointer-arith -Wdeclaration-after-statement -Werror=vla -Wendif-labels -Wmissing-format-attribute -Wimplicit-fallthrough=3 -Wcast-function-type -Wshadow=compatible-local -Wformat-security -fno-strict-aliasing -fwrapv -fexcess-precision=standard -Wno-format-truncation -Wno-stringop-truncation -O2  -D_GNU_SOURCE    conftest.c -lz -lm  >&5
configure:16935: $? = 0
configure:16935: ./conftest
configure:16935: $? = 0
configure:16949: result: 8
configure:16963: checking size of long long
configure:16968: gcc -o conftest -Wall -Wmissing-prototypes -Wpointer-arith -Wdeclaration-after-statement -Werror=vla -Wendif-labels -Wmissing-format-attribute -Wimplicit-fallthrough=3 -Wcast-function-type -Wshadow=compatible-local -Wformat-security -fno-strict-aliasing -fwrapv -fexcess-precision=standard -Wno-format-truncation -Wno-stringop-truncation -O2  -D_GNU_SOURCE    conftest.c -lz -lm  >&5
configure:16968: $? = 0
configure:16968: ./conftest
configure:16968: $? = 0
configure:16982: result: 8
configure:16996: checking size of intmax_t
configure:17001: gcc -o conftest -Wall -Wmissing-prototypes -Wpointer-arith -Wdeclaration-after-statement -Werror=vla -Wendif-labels -Wmissing-format-attribute -Wimplicit-fallthrough=3 -Wcast-function-type -Wshadow=compatible-local -Wformat-security -fno-strict-aliasing -fwrapv -fexcess-precision=standard -Wno-format-truncation -Wno-stringop-truncation -O2  -D_GNU_SOURCE    conftest.c -lz -lm  >&5
configure:17001: $? = 0
configure:17001: ./conftest
configure:17001: $? = 0
configure:17015: result: 8
configure:17030: checking alignment of short
configure:17035: gcc -o conftest -Wall -Wmissing-prototypes -Wpointer-arith -Wdeclaration-after-statement -Werror=vla -Wendif-labels -Wmissing-format-attribute -Wimplicit-fallthrough=3 -Wcast-function-type -Wshadow=compatible-local -Wformat-security -fno-strict-aliasing -fwrapv -fexcess-precision=standard -Wno-format-truncation -Wno-stringop-truncation -O2  -D_GNU_SOURCE    conftest.c -lz -lm  >&5
configure:17035: $? = 0
configure:17035: ./conftest
configure:17035: $? = 0
configure:17053: result: 2
configure:17065: checking alignment of int
configure:17070: gcc -o conftest -Wall -Wmissing-prototypes -Wpointer-arith -Wdeclaration-after-statement -Werror=vla -Wendif-labels -Wmissing-format-attribute -Wimplicit-fallthrough=3 -Wcast-function-type -Wshadow=compatible-local -Wformat-security -fno-strict-aliasing -fwrapv -fexcess-precision=standard -Wno-format-truncation -Wno-stringop-truncation -O2  -D_GNU_SOURCE    conftest.c -lz -lm  >&5
configure:17070: $? = 0
configure:17070: ./conftest
configure:17070: $? = 0
configure:17088: result: 4
configure:17100: checking alignment of long
configure:17105: gcc -o conftest -Wall -Wmissing-prototypes -Wpointer-arith -Wdeclaration-after-statement -Werror=vla -Wendif-labels -Wmissing-format-attribute -Wimplicit-fallthrough=3 -Wcast-function-type -Wshadow=compatible-local -Wformat-security -fno-strict-aliasing -fwrapv -fexcess-precision=standard -Wno-format-truncation -Wno-stringop-truncation -O2  -D_GNU_SOURCE    conftest.c -lz -lm  >&5
configure:17105: $? = 0
configure:17105: ./conftest
configure:17105: $? = 0
configure:17123: result: 8
configure:17135: checking alignment of int64_t
configure:17140: gcc -o conftest -Wall -Wmissing-prototypes -Wpointer-arith -Wdeclaration-after-statement -Werror=vla -Wendif-labels -Wmissing-format-attribute -Wimplicit-fallthrough=3 -Wcast-function-type -Wshadow=compatible-local -Wformat-security -fno-strict-aliasing -fwrapv -fexcess-precision=standard -Wno-format-truncation -Wno-stringop-truncation -O2  -D_GNU_SOURCE    conftest.c -lz -lm  >&5
configure:17140: $? = 0
configure:17140: ./conftest
configure:17140: $? = 0
configure:17158: result: 8
configure:17170: checking alignment of double
configure:17175: gcc -o conftest -Wall -Wmissing-prototypes -Wpointer-arith -Wdeclaration-after-statement -Werror=vla -Wendif-labels -Wmissing-format-attribute -Wimplicit-fallthrough=3 -Wcast-function-type -Wshadow=compatible-local -Wformat-security -fno-strict-aliasing -fwrapv -fexcess-precision=standard -Wno-format-truncation -Wno-stringop-truncation -O2  -D_GNU_SOURCE    conftest.c -lz -lm  >&5
configure:17175: $? = 0
configure:17175: ./conftest
configure:17175: $? = 0
configure:17193: result: 8
configure:17235: checking for __int128
configure:17272: gcc -o conftest -Wall -Wmissing-prototypes -Wpointer-arith -Wdeclaration-after-statement -Werror=vla -Wendif-labels -Wmissing-format-attribute -Wimplicit-fallthrough=3 -Wcast-function-type -Wshadow=compatible-local -Wformat-security -fno-strict-aliasing -fwrapv -fexcess-precision=standard -Wno-format-truncation -Wno-stringop-truncation -O2  -D_GNU_SOURCE    conftest.c -lz -lm  >&5
configure:17272: $? = 0
configure:17280: result: yes
configure:17287: checking for __int128 alignment bug
configure:17327: gcc -o conftest -Wall -Wmissing-prototypes -Wpointer-arith -Wdeclaration-after-statement -Werror=vla -Wendif-labels -Wmissing-format-attribute -Wimplicit-fallthrough=3 -Wcast-function-type -Wshadow=compatible-local -Wformat-security -fno-strict-aliasing -fwrapv -fexcess-precision=standard -Wno-format-truncation -Wno-stringop-truncation -O2  -D_GNU_SOURCE    conftest.c -lz -lm  >&5
conftest.c:131:6: warning: no previous prototype for 'pass_by_val' [-Wmissing-prototypes]
  131 | void pass_by_val(void *buffer, int128a par) { holder = par; }
      |      ^~~~~~~~~~~
configure:17327: $? = 0
configure:17327: ./conftest
configure:17327: $? = 0
configure:17337: result: ok
configure:17345: checking alignment of PG_INT128_TYPE
configure:17350: gcc -o conftest -Wall -Wmissing-prototypes -Wpointer-arith -Wdeclaration-after-statement -Werror=vla -Wendif-labels -Wmissing-format-attribute -Wimplicit-fallthrough=3 -Wcast-function-type -Wshadow=compatible-local -Wformat-security -fno-strict-aliasing -fwrapv -fexcess-precision=standard -Wno-format-truncation -Wno-stringop-truncation -O2  -D_GNU_SOURCE    conftest.c -lz -lm  >&5
configure:17350: $? = 0
configure:17350: ./conftest
configure:17350: $? = 0
configure:17368: result: 16
configure:17383: checking for builtin __sync char locking functions
configure:17401: gcc -o conftest -Wall -Wmissing-prototypes -Wpointer-arith -Wdeclaration-after-statement -Werror=vla -Wendif-labels -Wmissing-format-attribute -Wimplicit-fallthrough=3 -Wcast-function-type -Wshadow=compatible-local -Wformat-security -fno-strict-aliasing -fwrapv -fexcess-precision=standard -Wno-format-truncation -Wno-stringop-truncation -O2  -D_GNU_SOURCE    conftest.c -lz -lm  >&5
configure:17401: $? = 0
configure:17409: result: yes
configure:17416: checking for builtin __sync int32 locking functions
configure:17434: gcc -o conftest -Wall -Wmissing-prototypes -Wpointer-arith -Wdeclaration-after-statement -Werror=vla -Wendif-labels -Wmissing-format-attribute -Wimplicit-fallthrough=3 -Wcast-function-type -Wshadow=compatible-local -Wformat-security -fno-strict-aliasing -fwrapv -fexcess-precision=standard -Wno-format-truncation -Wno-stringop-truncation -O2  -D_GNU_SOURCE    conftest.c -lz -lm  >&5
configure:17434: $? = 0
configure:17442: result: yes
configure:17449: checking for builtin __sync int32 atomic operations
configure:17466: gcc -o conftest -Wall -Wmissing-prototypes -Wpointer-arith -Wdeclaration-after-statement -Werror=vla -Wendif-labels -Wmissing-format-attribute -Wimplicit-fallthrough=3 -Wcast-function-type -Wshadow=compatible-local -Wformat-security -fno-strict-aliasing -fwrapv -fexcess-precision=standard -Wno-format-truncation -Wno-stringop-truncation -O2  -D_GNU_SOURCE    conftest.c -lz -lm  >&5
configure:17466: $? = 0
configure:17474: result: yes
configure:17481: checking for builtin __sync int64 atomic operations
configure:17498: gcc -o conftest -Wall -Wmissing-prototypes -Wpointer-arith -Wdeclaration-after-statement -Werror=vla -Wendif-labels -Wmissing-format-attribute -Wimplicit-fallthrough=3 -Wcast-function-type -Wshadow=compatible-local -Wformat-security -fno-strict-aliasing -fwrapv -fexcess-precision=standard -Wno-format-truncation -Wno-stringop-truncation -O2  -D_GNU_SOURCE    conftest.c -lz -lm  >&5
configure:17498: $? = 0
configure:17506: result: yes
configure:17513: checking for builtin __atomic int32 atomic operations
configure:17531: gcc -o conftest -Wall -Wmissing-prototypes -Wpointer-arith -Wdeclaration-after-statement -Werror=vla -Wendif-labels -Wmissing-format-attribute -Wimplicit-fallthrough=3 -Wcast-function-type -Wshadow=compatible-local -Wformat-security -fno-strict-aliasing -fwrapv -fexcess-precision=standard -Wno-format-truncation -Wno-stringop-truncation -O2  -D_GNU_SOURCE    conftest.c -lz -lm  >&5
configure:17531: $? = 0
configure:17539: result: yes
configure:17546: checking for builtin __atomic int64 atomic operations
configure:17564: gcc -o conftest -Wall -Wmissing-prototypes -Wpointer-arith -Wdeclaration-after-statement -Werror=vla -Wendif-labels -Wmissing-format-attribute -Wimplicit-fallthrough=3 -Wcast-function-type -Wshadow=compatible-local -Wformat-security -fno-strict-aliasing -fwrapv -fexcess-precision=standard -Wno-format-truncation -Wno-stringop-truncation -O2  -D_GNU_SOURCE    conftest.c -lz -lm  >&5
configure:17564: $? = 0
configure:17572: result: yes
configure:17582: checking for __get_cpuid
configure:17600: gcc -o conftest -Wall -Wmissing-prototypes -Wpointer-arith -Wdeclaration-after-statement -Werror=vla -Wendif-labels -Wmissing-format-attribute -Wimplicit-fallthrough=3 -Wcast-function-type -Wshadow=compatible-local -Wformat-security -fno-strict-aliasing -fwrapv -fexcess-precision=standard -Wno-format-truncation -Wno-stringop-truncation -O2  -D_GNU_SOURCE    conftest.c -lz -lm  >&5
configure:17600: $? = 0
configure:17608: result: yes
configure:17652: checking for __get_cpuid_count
configure:17670: gcc -o conftest -Wall -Wmissing-prototypes -Wpointer-arith -Wdeclaration-after-statement -Werror=vla -Wendif-labels -Wmissing-format-attribute -Wimplicit-fallthrough=3 -Wcast-function-type -Wshadow=compatible-local -Wformat-security -fno-strict-aliasing -fwrapv -fexcess-precision=standard -Wno-format-truncation -Wno-stringop-truncation -O2  -D_GNU_SOURCE    conftest.c -lz -lm  >&5
configure:17670: $? = 0
configure:17678: result: yes
configure:17723: checking for _xgetbv
configure:17746: gcc -o conftest -Wall -Wmissing-prototypes -Wpointer-arith -Wdeclaration-after-statement -Werror=vla -Wendif-labels -Wmissing-format-attribute -Wimplicit-fallthrough=3 -Wcast-function-type -Wshadow=compatible-local -Wformat-security -fno-strict-aliasing -fwrapv -fexcess-precision=standard -Wno-format-truncation -Wno-stringop-truncation -O2  -D_GNU_SOURCE    conftest.c -lz -lm  >&5
configure:17746: $? = 0
configure:17754: result: yes
configure:17769: checking for _mm512_popcnt_epi64
configure:17801: gcc -o conftest -Wall -Wmissing-prototypes -Wpointer-arith -Wdeclaration-after-statement -Werror=vla -Wendif-labels -Wmissing-format-attribute -Wimplicit-fallthrough=3 -Wcast-function-type -Wshadow=compatible-local -Wformat-security -fno-strict-aliasing -fwrapv -fexcess-precision=standard -Wno-format-truncation -Wno-stringop-truncation -O2  -D_GNU_SOURCE    conftest.c -lz -lm  >&5
configure:17801: $? = 0
configure:17809: result: yes
configure:17895: checking for _mm_crc32_u8 and _mm_crc32_u32
configure:17922: gcc -o conftest -Wall -Wmissing-prototypes -Wpointer-arith -Wdeclaration-after-statement -Werror=vla -Wendif-labels -Wmissing-format-attribute -Wimplicit-fallthrough=3 -Wcast-function-type -Wshadow=compatible-local -Wformat-security -fno-strict-aliasing -fwrapv -fexcess-precision=standard -Wno-format-truncation -Wno-stringop-truncation -O2  -D_GNU_SOURCE    conftest.c -lz -lm  >&5
configure:17922: $? = 0
configure:17930: result: yes
configure:17954: gcc -c -Wall -Wmissing-prototypes -Wpointer-arith -Wdeclaration-after-statement -Werror=vla -Wendif-labels -Wmissing-format-attribute -Wimplicit-fallthrough=3 -Wcast-function-type -Wshadow=compatible-local -Wformat-security -fno-strict-aliasing -fwrapv -fexcess-precision=standard -Wno-format-truncation -Wno-stringop-truncation -O2  -D_GNU_SOURCE  conftest.c >&5
conftest.c: In function 'main':
conftest.c:136:2: error: #error __SSE4_2__ not defined
  136 | #error __SSE4_2__ not defined
      |  ^~~~~
configure:17954: $? = 1
configure: failed program was:
| /* confdefs.h */
| #define PACKAGE_NAME "PostgreSQL"
| #define PACKAGE_TARNAME "postgresql"
| #define PACKAGE_VERSION "19devel"
| #define PACKAGE_STRING "PostgreSQL 19devel"
| #define PACKAGE_BUGREPORT "pgsql-bugs@lists.postgresql.org"
| #define PACKAGE_URL "https://www.postgresql.org/"
| #define CONFIGURE_ARGS " '--prefix=/tmp/pg_install' '--enable-cassert' '--without-readline'"
| #define PG_MAJORVERSION "19"
| #define PG_MAJORVERSION_NUM 19
| #define PG_MINORVERSION_NUM 0
| #define PG_VERSION "19devel"
| #define DEF_PGPORT 5432
| #define DEF_PGPORT_STR "5432"
| #define BLCKSZ 8192
| #define RELSEG_SIZE 131072
| #define XLOG_BLCKSZ 8192
| #define HAVE_VISIBILITY_ATTRIBUTE 1
| #define DLSUFFIX ".so"
| #define USE_ASSERT_CHECKING 1
| #define USE_ICU 1
| #define PG_KRB_SRVNAM "postgres"
| #define STDC_HEADERS 1
| #define HAVE_SYS_TYPES_H 1
| #define HAVE_SYS_STAT_H 1
| #define HAVE_STDLIB_H 1
| #define HAVE_STRING_H 1
| #define HAVE_MEMORY_H 1
| #define HAVE_STRINGS_H 1
| #define HAVE_INTTYPES_H 1
| #define HAVE_STDINT_H 1
| #define HAVE_UNISTD_H 1
| #define HAVE_PTHREAD_PRIO_INHERIT 1
| #define HAVE_PTHREAD 1
| #define HAVE_STRERROR_R 1
| #define HAVE_LIBM 1
| #define HAVE_LIBZ 1
| #define HAVE_EXECINFO_H 1
| #define HAVE_GETOPT_H 1
| #define HAVE_IFADDRS_H 1
| #define HAVE_SYS_EPOLL_H 1
| #define HAVE_SYS_PERSONALITY_H 1
| #define HAVE_SYS_PRCTL_H 1
| #define HAVE_SYS_SIGNALFD_H 1
| #define HAVE_TERMIOS_H 1
| #define HAVE_UCHAR_H 1
| #define PG_C_PRINTF_ATTRIBUTE gnu_printf
| #define PG_CXX_PRINTF_ATTRIBUTE gnu_printf
| #define HAVE_STATEMENT_EXPRESSIONS 1
| #define HAVE_TYPEOF 1
| #define HAVE__BUILTIN_TYPES_COMPATIBLE_P 1
| #define HAVE__BUILTIN_CONSTANT_P 1
| #define HAVE__BUILTIN_OP_OVERFLOW 1
| #define HAVE__BUILTIN_UNREACHABLE 1
| #define HAVE_COMPUTED_GOTO 1
| #define HAVE_STRUCT_TM_TM_ZONE 1
| #define HAVE_SOCKLEN_T 1
| #define restrict __restrict
| #define pg_restrict __restrict
| #define HAVE_STRUCT_OPTION 1
| #define HAVE_X86_64_POPCNTQ 1
| #define SIZEOF_OFF_T 8
| #define HAVE_INT_TIMEZONE 1
| #define HAVE_BACKTRACE_SYMBOLS 1
| #define HAVE_COPY_FILE_RANGE 1
| #define HAVE_GETAUXVAL 1
| #define HAVE_GETIFADDRS 1
| #define HAVE_INET_PTON 1
| #define HAVE_POSIX_FALLOCATE 1
| #define HAVE_PPOLL 1
| #define HAVE_STRSIGNAL 1
| #define HAVE_SYNCFS 1
| #define HAVE_SYNC_FILE_RANGE 1
| #define HAVE_USELOCALE 1
| #define HAVE__BUILTIN_BSWAP16 1
| #define HAVE__BUILTIN_BSWAP32 1
| #define HAVE__BUILTIN_BSWAP64 1
| #define HAVE__BUILTIN_CLZ 1
| #define HAVE__BUILTIN_CTZ 1
| #define HAVE__BUILTIN_POPCOUNT 1
| #define HAVE__BUILTIN_FRAME_ADDRESS 1
| #define HAVE_FSEEKO 1
| #define HAVE_POSIX_FADVISE 1
| #define HAVE_DECL_POSIX_FADVISE 1
| #define HAVE_DECL_FDATASYNC 1
| #define HAVE_DECL_STRLCAT 1
| #define HAVE_DECL_STRLCPY 1
| #define HAVE_DECL_STRSEP 1
| #define HAVE_DECL_TIMINGSAFE_BCMP 0
| #define HAVE_DECL_PREADV 1
| #define HAVE_DECL_PWRITEV 1
| #define HAVE_DECL_STRCHRNUL 1
| #define HAVE_DECL_MEMSET_S 0
| #define HAVE_DECL_F_FULLFSYNC 0
| #define HAVE_EXPLICIT_BZERO 1
| #define HAVE_GETOPT 1
| #define HAVE_INET_ATON 1
| #define HAVE_MKDTEMP 1
| #define HAVE_STRLCAT 1
| #define HAVE_STRLCPY 1
| #define HAVE_STRSEP 1
| #define HAVE_PTHREAD_BARRIER_WAIT 1
| #define HAVE_GETOPT_LONG 1
| #define HAVE_SYSLOG 1
| #define HAVE_INT_OPTERR 1
| #define SIZEOF_VOID_P 8
| #define SIZEOF_SIZE_T 8
| #define SIZEOF_LONG 8
| #define SIZEOF_LONG_LONG 8
| #define SIZEOF_INTMAX_T 8
| #define ALIGNOF_SHORT 2
| #define ALIGNOF_INT 4
| #define ALIGNOF_LONG 8
| #define ALIGNOF_INT64_T 8
| #define ALIGNOF_DOUBLE 8
| #define MAXIMUM_ALIGNOF 8
| #define PG_INT128_TYPE __int128
| #define ALIGNOF_PG_INT128_TYPE 16
| #define HAVE_GCC__SYNC_CHAR_TAS 1
| #define HAVE_GCC__SYNC_INT32_TAS 1
| #define HAVE_GCC__SYNC_INT32_CAS 1
| #define HAVE_GCC__SYNC_INT64_CAS 1
| #define HAVE_GCC__ATOMIC_INT32_CAS 1
| #define HAVE_GCC__ATOMIC_INT64_CAS 1
| #define HAVE__GET_CPUID 1
| #define HAVE__GET_CPUID_COUNT 1
| #define HAVE_XSAVE_INTRINSICS 1
| #define USE_AVX512_POPCNT_WITH_RUNTIME_CHECK 1
| /* end confdefs.h.  */
| 
| int
| main ()
| {
| 
| #ifndef __SSE4_2__
| #error __SSE4_2__ not defined
| #endif
| 
|   ;
|   return 0;
| }
configure:17965: checking for __crc32cb, __crc32ch, __crc32cw, and __crc32cd with CFLAGS=
configure:17989: gcc -o conftest -Wall -Wmissing-prototypes -Wpointer-arith -Wdeclaration-after-statement -Werror=vla -Wendif-labels -Wmissing-format-attribute -Wimplicit-fallthrough=3 -Wcast-function-type -Wshadow=compatible-local -Wformat-security -fno-strict-aliasing -fwrapv -fexcess-precision=standard -Wno-format-truncation -Wno-stringop-truncation -O2   -D_GNU_SOURCE    conftest.c -lz -lm  >&5
conftest.c:130:10: fatal error: arm_acle.h: No such file or directory
  130 | #include <arm_acle.h>
      |          ^~~~~~~~~~~~
compilation terminated.
configure:17989: $? = 1
configure: failed program was:
| /* confdefs.h */
| #define PACKAGE_NAME "PostgreSQL"
| #define PACKAGE_TARNAME "postgresql"
| #define PACKAGE_VERSION "19devel"
| #define PACKAGE_STRING "PostgreSQL 19devel"
| #define PACKAGE_BUGREPORT "pgsql-bugs@lists.postgresql.org"
| #define PACKAGE_URL "https://www.postgresql.org/"
| #define CONFIGURE_ARGS " '--prefix=/tmp/pg_install' '--enable-cassert' '--without-readline'"
| #define PG_MAJORVERSION "19"
| #define PG_MAJORVERSION_NUM 19
| #define PG_MINORVERSION_NUM 0
| #define PG_VERSION "19devel"
| #define DEF_PGPORT 5432
| #define DEF_PGPORT_STR "5432"
| #define BLCKSZ 8192
| #define RELSEG_SIZE 131072
| #define XLOG_BLCKSZ 8192
| #define HAVE_VISIBILITY_ATTRIBUTE 1
| #define DLSUFFIX ".so"
| #define USE_ASSERT_CHECKING 1
| #define USE_ICU 1
| #define PG_KRB_SRVNAM "postgres"
| #define STDC_HEADERS 1
| #define HAVE_SYS_TYPES_H 1
| #define HAVE_SYS_STAT_H 1
| #define HAVE_STDLIB_H 1
| #define HAVE_STRING_H 1
| #define HAVE_MEMORY_H 1
| #define HAVE_STRINGS_H 1
| #define HAVE_INTTYPES_H 1
| #define HAVE_STDINT_H 1
| #define HAVE_UNISTD_H 1
| #define HAVE_PTHREAD_PRIO_INHERIT 1
| #define HAVE_PTHREAD 1
| #define HAVE_STRERROR_R 1
| #define HAVE_LIBM 1
| #define HAVE_LIBZ 1
| #define HAVE_EXECINFO_H 1
| #define HAVE_GETOPT_H 1
| #define HAVE_IFADDRS_H 1
| #define HAVE_SYS_EPOLL_H 1
| #define HAVE_SYS_PERSONALITY_H 1
| #define HAVE_SYS_PRCTL_H 1
| #define HAVE_SYS_SIGNALFD_H 1
| #define HAVE_TERMIOS_H 1
| #define HAVE_UCHAR_H 1
| #define PG_C_PRINTF_ATTRIBUTE gnu_printf
| #define PG_CXX_PRINTF_ATTRIBUTE gnu_printf
| #define HAVE_STATEMENT_EXPRESSIONS 1
| #define HAVE_TYPEOF 1
| #define HAVE__BUILTIN_TYPES_COMPATIBLE_P 1
| #define HAVE__BUILTIN_CONSTANT_P 1
| #define HAVE__BUILTIN_OP_OVERFLOW 1
| #define HAVE__BUILTIN_UNREACHABLE 1
| #define HAVE_COMPUTED_GOTO 1
| #define HAVE_STRUCT_TM_TM_ZONE 1
| #define HAVE_SOCKLEN_T 1
| #define restrict __restrict
| #define pg_restrict __restrict
| #define HAVE_STRUCT_OPTION 1
| #define HAVE_X86_64_POPCNTQ 1
| #define SIZEOF_OFF_T 8
| #define HAVE_INT_TIMEZONE 1
| #define HAVE_BACKTRACE_SYMBOLS 1
| #define HAVE_COPY_FILE_RANGE 1
| #define HAVE_GETAUXVAL 1
| #define HAVE_GETIFADDRS 1
| #define HAVE_INET_PTON 1
| #define HAVE_POSIX_FALLOCATE 1
| #define HAVE_PPOLL 1
| #define HAVE_STRSIGNAL 1
| #define HAVE_SYNCFS 1
| #define HAVE_SYNC_FILE_RANGE 1
| #define HAVE_USELOCALE 1
| #define HAVE__BUILTIN_BSWAP16 1
| #define HAVE__BUILTIN_BSWAP32 1
| #define HAVE__BUILTIN_BSWAP64 1
| #define HAVE__BUILTIN_CLZ 1
| #define HAVE__BUILTIN_CTZ 1
| #define HAVE__BUILTIN_POPCOUNT 1
| #define HAVE__BUILTIN_FRAME_ADDRESS 1
| #define HAVE_FSEEKO 1
| #define HAVE_POSIX_FADVISE 1
| #define HAVE_DECL_POSIX_FADVISE 1
| #define HAVE_DECL_FDATASYNC 1
| #define HAVE_DECL_STRLCAT 1
| #define HAVE_DECL_STRLCPY 1
| #define HAVE_DECL_STRSEP 1
| #define HAVE_DECL_TIMINGSAFE_BCMP 0
| #define HAVE_DECL_PREADV 1
| #define HAVE_DECL_PWRITEV 1
| #define HAVE_DECL_STRCHRNUL 1
| #define HAVE_DECL_MEMSET_S 0
| #define HAVE_DECL_F_FULLFSYNC 0
| #define HAVE_EXPLICIT_BZERO 1
| #define HAVE_GETOPT 1
| #define HAVE_INET_ATON 1
| #define HAVE_MKDTEMP 1
| #define HAVE_STRLCAT 1
| #define HAVE_STRLCPY 1
| #define HAVE_STRSEP 1
| #define HAVE_PTHREAD_BARRIER_WAIT 1
| #define HAVE_GETOPT_LONG 1
| #define HAVE_SYSLOG 1
| #define HAVE_INT_OPTERR 1
| #define SIZEOF_VOID_P 8
| #define SIZEOF_SIZE_T 8
| #define SIZEOF_LONG 8
| #define SIZEOF_LONG_LONG 8
| #define SIZEOF_INTMAX_T 8
| #define ALIGNOF_SHORT 2
| #define ALIGNOF_INT 4
| #define ALIGNOF_LONG 8
| #define ALIGNOF_INT64_T 8
| #define ALIGNOF_DOUBLE 8
| #define MAXIMUM_ALIGNOF 8
| #define PG_INT128_TYPE __int128
| #define ALIGNOF_PG_INT128_TYPE 16
| #define HAVE_GCC__SYNC_CHAR_TAS 1
| #define HAVE_GCC__SYNC_INT32_TAS 1
| #define HAVE_GCC__SYNC_INT32_CAS 1
| #define HAVE_GCC__SYNC_INT64_CAS 1
| #define HAVE_GCC__ATOMIC_INT32_CAS 1
| #define HAVE_GCC__ATOMIC_INT64_CAS 1
| #define HAVE__GET_CPUID 1
| #define HAVE__GET_CPUID_COUNT 1
| #define HAVE_XSAVE_INTRINSICS 1
| #define USE_AVX512_POPCNT_WITH_RUNTIME_CHECK 1
| /* end confdefs.h.  */
| #include <arm_acle.h>
| unsigned int crc;
| int
| main ()
| {
| crc = __crc32cb(crc, 0);
|    crc = __crc32ch(crc, 0);
|    crc = __crc32cw(crc, 0);
|    crc = __crc32cd(crc, 0);
|    /* return computed value, to prevent the above being optimized away */
|    return crc == 0;
|   ;
|   return 0;
| }
configure:17998: result: no
configure:18006: checking for __crc32cb, __crc32ch, __crc32cw, and __crc32cd with CFLAGS=-march=armv8-a+crc+simd
configure:18030: gcc -o conftest -Wall -Wmissing-prototypes -Wpointer-arith -Wdeclaration-after-statement -Werror=vla -Wendif-labels -Wmissing-format-attribute -Wimplicit-fallthrough=3 -Wcast-function-type -Wshadow=compatible-local -Wformat-security -fno-strict-aliasing -fwrapv -fexcess-precision=standard -Wno-format-truncation -Wno-stringop-truncation -O2 -march=armv8-a+crc+simd  -D_GNU_SOURCE    conftest.c -lz -lm  >&5
cc1: error: bad value 'armv8-a+crc+simd' for '-march=' switch
cc1: note: valid arguments to '-march=' switch are: nocona core2 nehalem corei7 westmere sandybridge corei7-avx ivybridge core-avx-i haswell core-avx2 broadwell skylake skylake-avx512 cannonlake icelake-client rocketlake icelake-server cascadelake tigerlake cooperlake sapphirerapids emeraldrapids alderlake raptorlake meteorlake graniterapids graniterapids-d bonnell atom silvermont slm goldmont goldmont-plus tremont gracemont sierraforest grandridge knl knm x86-64 x86-64-v2 x86-64-v3 x86-64-v4 eden-x2 nano nano-1000 nano-2000 nano-3000 nano-x2 eden-x4 nano-x4 lujiazui k8 k8-sse3 opteron opteron-sse3 athlon64 athlon64-sse3 athlon-fx amdfam10 barcelona bdver1 bdver2 bdver3 bdver4 znver1 znver2 znver3 znver4 btver1 btver2 native
configure:18030: $? = 1
configure: failed program was:
| /* confdefs.h */
| #define PACKAGE_NAME "PostgreSQL"
| #define PACKAGE_TARNAME "postgresql"
| #define PACKAGE_VERSION "19devel"
| #define PACKAGE_STRING "PostgreSQL 19devel"
| #define PACKAGE_BUGREPORT "pgsql-bugs@lists.postgresql.org"
| #define PACKAGE_URL "https://www.postgresql.org/"
| #define CONFIGURE_ARGS " '--prefix=/tmp/pg_install' '--enable-cassert' '--without-readline'"
| #define PG_MAJORVERSION "19"
| #define PG_MAJORVERSION_NUM 19
| #define PG_MINORVERSION_NUM 0
| #define PG_VERSION "19devel"
| #define DEF_PGPORT 5432
| #define DEF_PGPORT_STR "5432"
| #define BLCKSZ 8192
| #define RELSEG_SIZE 131072
| #define XLOG_BLCKSZ 8192
| #define HAVE_VISIBILITY_ATTRIBUTE 1
| #define DLSUFFIX ".so"
| #define USE_ASSERT_CHECKING 1
| #define USE_ICU 1
| #define PG_KRB_SRVNAM "postgres"
| #define STDC_HEADERS 1
| #define HAVE_SYS_TYPES_H 1
| #define HAVE_SYS_STAT_H 1
| #define HAVE_STDLIB_H 1
| #define HAVE_STRING_H 1
| #define HAVE_MEMORY_H 1
| #define HAVE_STRINGS_H 1
| #define HAVE_INTTYPES_H 1
| #define HAVE_STDINT_H 1
| #define HAVE_UNISTD_H 1
| #define HAVE_PTHREAD_PRIO_INHERIT 1
| #define HAVE_PTHREAD 1
| #define HAVE_STRERROR_R 1
| #define HAVE_LIBM 1
| #define HAVE_LIBZ 1
| #define HAVE_EXECINFO_H 1
| #define HAVE_GETOPT_H 1
| #define HAVE_IFADDRS_H 1
| #define HAVE_SYS_EPOLL_H 1
| #define HAVE_SYS_PERSONALITY_H 1
| #define HAVE_SYS_PRCTL_H 1
| #define HAVE_SYS_SIGNALFD_H 1
| #define HAVE_TERMIOS_H 1
| #define HAVE_UCHAR_H 1
| #define PG_C_PRINTF_ATTRIBUTE gnu_printf
| #define PG_CXX_PRINTF_ATTRIBUTE gnu_printf
| #define HAVE_STATEMENT_EXPRESSIONS 1
| #define HAVE_TYPEOF 1
| #define HAVE__BUILTIN_TYPES_COMPATIBLE_P 1
| #define HAVE__BUILTIN_CONSTANT_P 1
| #define HAVE__BUILTIN_OP_OVERFLOW 1
| #define HAVE__BUILTIN_UNREACHABLE 1
| #define HAVE_COMPUTED_GOTO 1
| #define HAVE_STRUCT_TM_TM_ZONE 1
| #define HAVE_SOCKLEN_T 1
| #define restrict __restrict
| #define pg_restrict __restrict
| #define HAVE_STRUCT_OPTION 1
| #define HAVE_X86_64_POPCNTQ 1
| #define SIZEOF_OFF_T 8
| #define HAVE_INT_TIMEZONE 1
| #define HAVE_BACKTRACE_SYMBOLS 1
| #define HAVE_COPY_FILE_RANGE 1
| #define HAVE_GETAUXVAL 1
| #define HAVE_GETIFADDRS 1
| #define HAVE_INET_PTON 1
| #define HAVE_POSIX_FALLOCATE 1
| #define HAVE_PPOLL 1
| #define HAVE_STRSIGNAL 1
| #define HAVE_SYNCFS 1
| #define HAVE_SYNC_FILE_RANGE 1
| #define HAVE_USELOCALE 1
| #define HAVE__BUILTIN_BSWAP16 1
| #define HAVE__BUILTIN_BSWAP32 1
| #define HAVE__BUILTIN_BSWAP64 1
| #define HAVE__BUILTIN_CLZ 1
| #define HAVE__BUILTIN_CTZ 1
| #define HAVE__BUILTIN_POPCOUNT 1
| #define HAVE__BUILTIN_FRAME_ADDRESS 1
| #define HAVE_FSEEKO 1
| #define HAVE_POSIX_FADVISE 1
| #define HAVE_DECL_POSIX_FADVISE 1
| #define HAVE_DECL_FDATASYNC 1
| #define HAVE_DECL_STRLCAT 1
| #define HAVE_DECL_STRLCPY 1
| #define HAVE_DECL_STRSEP 1
| #define HAVE_DECL_TIMINGSAFE_BCMP 0
| #define HAVE_DECL_PREADV 1
| #define HAVE_DECL_PWRITEV 1
| #define HAVE_DECL_STRCHRNUL 1
| #define HAVE_DECL_MEMSET_S 0
| #define HAVE_DECL_F_FULLFSYNC 0
| #define HAVE_EXPLICIT_BZERO 1
| #define HAVE_GETOPT 1
| #define HAVE_INET_ATON 1
| #define HAVE_MKDTEMP 1
| #define HAVE_STRLCAT 1
| #define HAVE_STRLCPY 1
| #define HAVE_STRSEP 1
| #define HAVE_PTHREAD_BARRIER_WAIT 1
| #define HAVE_GETOPT_LONG 1
| #define HAVE_SYSLOG 1
| #define HAVE_INT_OPTERR 1
| #define SIZEOF_VOID_P 8
| #define SIZEOF_SIZE_T 8
| #define SIZEOF_LONG 8
| #define SIZEOF_LONG_LONG 8
| #define SIZEOF_INTMAX_T 8
| #define ALIGNOF_SHORT 2
| #define ALIGNOF_INT 4
| #define ALIGNOF_LONG 8
| #define ALIGNOF_INT64_T 8
| #define ALIGNOF_DOUBLE 8
| #define MAXIMUM_ALIGNOF 8
| #define PG_INT128_TYPE __int128
| #define ALIGNOF_PG_INT128_TYPE 16
| #define HAVE_GCC__SYNC_CHAR_TAS 1
| #define HAVE_GCC__SYNC_INT32_TAS 1
| #define HAVE_GCC__SYNC_INT32_CAS 1
| #define HAVE_GCC__SYNC_INT64_CAS 1
| #define HAVE_GCC__ATOMIC_INT32_CAS 1
| #define HAVE_GCC__ATOMIC_INT64_CAS 1
| #define HAVE__GET_CPUID 1
| #define HAVE__GET_CPUID_COUNT 1
| #define HAVE_XSAVE_INTRINSICS 1
| #define USE_AVX512_POPCNT_WITH_RUNTIME_CHECK 1
| /* end confdefs.h.  */
| #include <arm_acle.h>
| unsigned int crc;
| int
| main ()
| {
| crc = __crc32cb(crc, 0);
|    crc = __crc32ch(crc, 0);
|    crc = __crc32cw(crc, 0);
|    crc = __crc32cd(crc, 0);
|    /* return computed value, to prevent the above being optimized away */
|    return crc == 0;
|   ;
|   return 0;
| }
configure:18039: result: no
configure:18047: checking for __crc32cb, __crc32ch, __crc32cw, and __crc32cd with CFLAGS=-march=armv8-a+crc
configure:18071: gcc -o conftest -Wall -Wmissing-prototypes -Wpointer-arith -Wdeclaration-after-statement -Werror=vla -Wendif-labels -Wmissing-format-attribute -Wimplicit-fallthrough=3 -Wcast-function-type -Wshadow=compatible-local -Wformat-security -fno-strict-aliasing -fwrapv -fexcess-precision=standard -Wno-format-truncation -Wno-stringop-truncation -O2 -march=armv8-a+crc  -D_GNU_SOURCE    conftest.c -lz -lm  >&5
cc1: error: bad value 'armv8-a+crc' for '-march=' switch
cc1: note: valid arguments to '-march=' switch are: nocona core2 nehalem corei7 westmere sandybridge corei7-avx ivybridge core-avx-i haswell core-avx2 broadwell skylake skylake-avx512 cannonlake icelake-client rocketlake icelake-server cascadelake tigerlake cooperlake sapphirerapids emeraldrapids alderlake raptorlake meteorlake graniterapids graniterapids-d bonnell atom silvermont slm goldmont goldmont-plus tremont gracemont sierraforest grandridge knl knm x86-64 x86-64-v2 x86-64-v3 x86-64-v4 eden-x2 nano nano-1000 nano-2000 nano-3000 nano-x2 eden-x4 nano-x4 lujiazui k8 k8-sse3 opteron opteron-sse3 athlon64 athlon64-sse3 athlon-fx amdfam10 barcelona bdver1 bdver2 bdver3 bdver4 znver1 znver2 znver3 znver4 btver1 btver2 native
configure:18071: $? = 1
configure: failed program was:
| /* confdefs.h */
| #define PACKAGE_NAME "PostgreSQL"
| #define PACKAGE_TARNAME "postgresql"
| #define PACKAGE_VERSION "19devel"
| #define PACKAGE_STRING "PostgreSQL 19devel"
| #define PACKAGE_BUGREPORT "pgsql-bugs@lists.postgresql.org"
| #define PACKAGE_URL "https://www.postgresql.org/"
| #define CONFIGURE_ARGS " '--prefix=/tmp/pg_install' '--enable-cassert' '--without-readline'"
| #define PG_MAJORVERSION "19"
| #define PG_MAJORVERSION_NUM 19
| #define PG_MINORVERSION_NUM 0
| #define PG_VERSION "19devel"
| #define DEF_PGPORT 5432
| #define DEF_PGPORT_STR "5432"
| #define BLCKSZ 8192
| #define RELSEG_SIZE 131072
| #define XLOG_BLCKSZ 8192
| #define HAVE_VISIBILITY_ATTRIBUTE 1
| #define DLSUFFIX ".so"
| #define USE_ASSERT_CHECKING 1
| #define USE_ICU 1
| #define PG_KRB_SRVNAM "postgres"
| #define STDC_HEADERS 1
| #define HAVE_SYS_TYPES_H 1
| #define HAVE_SYS_STAT_H 1
| #define HAVE_STDLIB_H 1
| #define HAVE_STRING_H 1
| #define HAVE_MEMORY_H 1
| #define HAVE_STRINGS_H 1
| #define HAVE_INTTYPES_H 1
| #define HAVE_STDINT_H 1
| #define HAVE_UNISTD_H 1
| #define HAVE_PTHREAD_PRIO_INHERIT 1
| #define HAVE_PTHREAD 1
| #define HAVE_STRERROR_R 1
| #define HAVE_LIBM 1
| #define HAVE_LIBZ 1
| #define HAVE_EXECINFO_H 1
| #define HAVE_GETOPT_H 1
| #define HAVE_IFADDRS_H 1
| #define HAVE_SYS_EPOLL_H 1
| #define HAVE_SYS_PERSONALITY_H 1
| #define HAVE_SYS_PRCTL_H 1
| #define HAVE_SYS_SIGNALFD_H 1
| #define HAVE_TERMIOS_H 1
| #define HAVE_UCHAR_H 1
| #define PG_C_PRINTF_ATTRIBUTE gnu_printf
| #define PG_CXX_PRINTF_ATTRIBUTE gnu_printf
| #define HAVE_STATEMENT_EXPRESSIONS 1
| #define HAVE_TYPEOF 1
| #define HAVE__BUILTIN_TYPES_COMPATIBLE_P 1
| #define HAVE__BUILTIN_CONSTANT_P 1
| #define HAVE__BUILTIN_OP_OVERFLOW 1
| #define HAVE__BUILTIN_UNREACHABLE 1
| #define HAVE_COMPUTED_GOTO 1
| #define HAVE_STRUCT_TM_TM_ZONE 1
| #define HAVE_SOCKLEN_T 1
| #define restrict __restrict
| #define pg_restrict __restrict
| #define HAVE_STRUCT_OPTION 1
| #define HAVE_X86_64_POPCNTQ 1
| #define SIZEOF_OFF_T 8
| #define HAVE_INT_TIMEZONE 1
| #define HAVE_BACKTRACE_SYMBOLS 1
| #define HAVE_COPY_FILE_RANGE 1
| #define HAVE_GETAUXVAL 1
| #define HAVE_GETIFADDRS 1
| #define HAVE_INET_PTON 1
| #define HAVE_POSIX_FALLOCATE 1
| #define HAVE_PPOLL 1
| #define HAVE_STRSIGNAL 1
| #define HAVE_SYNCFS 1
| #define HAVE_SYNC_FILE_RANGE 1
| #define HAVE_USELOCALE 1
| #define HAVE__BUILTIN_BSWAP16 1
| #define HAVE__BUILTIN_BSWAP32 1
| #define HAVE__BUILTIN_BSWAP64 1
| #define HAVE__BUILTIN_CLZ 1
| #define HAVE__BUILTIN_CTZ 1
| #define HAVE__BUILTIN_POPCOUNT 1
| #define HAVE__BUILTIN_FRAME_ADDRESS 1
| #define HAVE_FSEEKO 1
| #define HAVE_POSIX_FADVISE 1
| #define HAVE_DECL_POSIX_FADVISE 1
| #define HAVE_DECL_FDATASYNC 1
| #define HAVE_DECL_STRLCAT 1
| #define HAVE_DECL_STRLCPY 1
| #define HAVE_DECL_STRSEP 1
| #define HAVE_DECL_TIMINGSAFE_BCMP 0
| #define HAVE_DECL_PREADV 1
| #define HAVE_DECL_PWRITEV 1
| #define HAVE_DECL_STRCHRNUL 1
| #define HAVE_DECL_MEMSET_S 0
| #define HAVE_DECL_F_FULLFSYNC 0
| #define HAVE_EXPLICIT_BZERO 1
| #define HAVE_GETOPT 1
| #define HAVE_INET_ATON 1
| #define HAVE_MKDTEMP 1
| #define HAVE_STRLCAT 1
| #define HAVE_STRLCPY 1
| #define HAVE_STRSEP 1
| #define HAVE_PTHREAD_BARRIER_WAIT 1
| #define HAVE_GETOPT_LONG 1
| #define HAVE_SYSLOG 1
| #define HAVE_INT_OPTERR 1
| #define SIZEOF_VOID_P 8
| #define SIZEOF_SIZE_T 8
| #define SIZEOF_LONG 8
| #define SIZEOF_LONG_LONG 8
| #define SIZEOF_INTMAX_T 8
| #define ALIGNOF_SHORT 2
| #define ALIGNOF_INT 4
| #define ALIGNOF_LONG 8
| #define ALIGNOF_INT64_T 8
| #define ALIGNOF_DOUBLE 8
| #define MAXIMUM_ALIGNOF 8
| #define PG_INT128_TYPE __int128
| #define ALIGNOF_PG_INT128_TYPE 16
| #define HAVE_GCC__SYNC_CHAR_TAS 1
| #define HAVE_GCC__SYNC_INT32_TAS 1
| #define HAVE_GCC__SYNC_INT32_CAS 1
| #define HAVE_GCC__SYNC_INT64_CAS 1
| #define HAVE_GCC__ATOMIC_INT32_CAS 1
| #define HAVE_GCC__ATOMIC_INT64_CAS 1
| #define HAVE__GET_CPUID 1
| #define HAVE__GET_CPUID_COUNT 1
| #define HAVE_XSAVE_INTRINSICS 1
| #define USE_AVX512_POPCNT_WITH_RUNTIME_CHECK 1
| /* end confdefs.h.  */
| #include <arm_acle.h>
| unsigned int crc;
| int
| main ()
| {
| crc = __crc32cb(crc, 0);
|    crc = __crc32ch(crc, 0);
|    crc = __crc32cw(crc, 0);
|    crc = __crc32cd(crc, 0);
|    /* return computed value, to prevent the above being optimized away */
|    return crc == 0;
|   ;
|   return 0;
| }
configure:18080: result: no
configure:18094: checking for __builtin_loongarch_crcc_w_b_w, __builtin_loongarch_crcc_w_h_w, __builtin_loongarch_crcc_w_w_w and __builtin_loongarch_crcc_w_d_w
configure:18115: gcc -o conftest -Wall -Wmissing-prototypes -Wpointer-arith -Wdeclaration-after-statement -Werror=vla -Wendif-labels -Wmissing-format-attribute -Wimplicit-fallthrough=3 -Wcast-function-type -Wshadow=compatible-local -Wformat-security -fno-strict-aliasing -fwrapv -fexcess-precision=standard -Wno-format-truncation -Wno-stringop-truncation -O2  -D_GNU_SOURCE    conftest.c -lz -lm  >&5
conftest.c: In function 'main':
conftest.c:134:7: warning: implicit declaration of function '__builtin_loongarch_crcc_w_b_w' [-Wimplicit-function-declaration]
  134 | crc = __builtin_loongarch_crcc_w_b_w(0, crc);
      |       ^~~~~~~~~~~~~~~~~~~~~~~~~~~~~~
conftest.c:135:10: warning: implicit declaration of function '__builtin_loongarch_crcc_w_h_w' [-Wimplicit-function-declaration]
  135 |    crc = __builtin_loongarch_crcc_w_h_w(0, crc);
      |          ^~~~~~~~~~~~~~~~~~~~~~~~~~~~~~
conftest.c:136:10: warning: implicit declaration of function '__builtin_loongarch_crcc_w_w_w' [-Wimplicit-function-declaration]
  136 |    crc = __builtin_loongarch_crcc_w_w_w(0, crc);
      |          ^~~~~~~~~~~~~~~~~~~~~~~~~~~~~~
conftest.c:137:10: warning: implicit declaration of function '__builtin_loongarch_crcc_w_d_w' [-Wimplicit-function-declaration]
  137 |    crc = __builtin_loongarch_crcc_w_d_w(0, crc);
      |          ^~~~~~~~~~~~~~~~~~~~~~~~~~~~~~
/usr/bin/ld: /tmp/ccmh4p4t.o: in function `main':
conftest.c:(.text.startup+0x13): undefined reference to `__builtin_loongarch_crcc_w_b_w'
/usr/bin/ld: conftest.c:(.text.startup+0x24): undefined reference to `__builtin_loongarch_crcc_w_h_w'
/usr/bin/ld: conftest.c:(.text.startup+0x35): undefined reference to `__builtin_loongarch_crcc_w_w_w'
/usr/bin/ld: conftest.c:(.text.startup+0x46): undefined reference to `__builtin_loongarch_crcc_w_d_w'
collect2: error: ld returned 1 exit status
configure:18115: $? = 1
configure: failed program was:
| /* confdefs.h */
| #define PACKAGE_NAME "PostgreSQL"
| #define PACKAGE_TARNAME "postgresql"
| #define PACKAGE_VERSION "19devel"
| #define PACKAGE_STRING "PostgreSQL 19devel"
| #define PACKAGE_BUGREPORT "pgsql-bugs@lists.postgresql.org"
| #define PACKAGE_URL "https://www.postgresql.org/"
| #define CONFIGURE_ARGS " '--prefix=/tmp/pg_install' '--enable-cassert' '--without-readline'"
| #define PG_MAJORVERSION "19"
| #define PG_MAJORVERSION_NUM 19
| #define PG_MINORVERSION_NUM 0
| #define PG_VERSION "19devel"
| #define DEF_PGPORT 5432
| #define DEF_PGPORT_STR "5432"
| #define BLCKSZ 8192
| #define RELSEG_SIZE 131072
| #define XLOG_BLCKSZ 8192
| #define HAVE_VISIBILITY_ATTRIBUTE 1
| #define DLSUFFIX ".so"
| #define USE_ASSERT_CHECKING 1
| #define USE_ICU 1
| #define PG_KRB_SRVNAM "postgres"
| #define STDC_HEADERS 1
| #define HAVE_SYS_TYPES_H 1
| #define HAVE_SYS_STAT_H 1
| #define HAVE_STDLIB_H 1
| #define HAVE_STRING_H 1
| #define HAVE_MEMORY_H 1
| #define HAVE_STRINGS_H 1
| #define HAVE_INTTYPES_H 1
| #define HAVE_STDINT_H 1
| #define HAVE_UNISTD_H 1
| #define HAVE_PTHREAD_PRIO_INHERIT 1
| #define HAVE_PTHREAD 1
| #define HAVE_STRERROR_R 1
| #define HAVE_LIBM 1
| #define HAVE_LIBZ 1
| #define HAVE_EXECINFO_H 1
| #define HAVE_GETOPT_H 1
| #define HAVE_IFADDRS_H 1
| #define HAVE_SYS_EPOLL_H 1
| #define HAVE_SYS_PERSONALITY_H 1
| #define HAVE_SYS_PRCTL_H 1
| #define HAVE_SYS_SIGNALFD_H 1
| #define HAVE_TERMIOS_H 1
| #define HAVE_UCHAR_H 1
| #define PG_C_PRINTF_ATTRIBUTE gnu_printf
| #define PG_CXX_PRINTF_ATTRIBUTE gnu_printf
| #define HAVE_STATEMENT_EXPRESSIONS 1
| #define HAVE_TYPEOF 1
| #define HAVE__BUILTIN_TYPES_COMPATIBLE_P 1
| #define HAVE__BUILTIN_CONSTANT_P 1
| #define HAVE__BUILTIN_OP_OVERFLOW 1
| #define HAVE__BUILTIN_UNREACHABLE 1
| #define HAVE_COMPUTED_GOTO 1
| #define HAVE_STRUCT_TM_TM_ZONE 1
| #define HAVE_SOCKLEN_T 1
| #define restrict __restrict
| #define pg_restrict __restrict
| #define HAVE_STRUCT_OPTION 1
| #define HAVE_X86_64_POPCNTQ 1
| #define SIZEOF_OFF_T 8
| #define HAVE_INT_TIMEZONE 1
| #define HAVE_BACKTRACE_SYMBOLS 1
| #define HAVE_COPY_FILE_RANGE 1
| #define HAVE_GETAUXVAL 1
| #define HAVE_GETIFADDRS 1
| #define HAVE_INET_PTON 1
| #define HAVE_POSIX_FALLOCATE 1
| #define HAVE_PPOLL 1
| #define HAVE_STRSIGNAL 1
| #define HAVE_SYNCFS 1
| #define HAVE_SYNC_FILE_RANGE 1
| #define HAVE_USELOCALE 1
| #define HAVE__BUILTIN_BSWAP16 1
| #define HAVE__BUILTIN_BSWAP32 1
| #define HAVE__BUILTIN_BSWAP64 1
| #define HAVE__BUILTIN_CLZ 1
| #define HAVE__BUILTIN_CTZ 1
| #define HAVE__BUILTIN_POPCOUNT 1
| #define HAVE__BUILTIN_FRAME_ADDRESS 1
| #define HAVE_FSEEKO 1
| #define HAVE_POSIX_FADVISE 1
| #define HAVE_DECL_POSIX_FADVISE 1
| #define HAVE_DECL_FDATASYNC 1
| #define HAVE_DECL_STRLCAT 1
| #define HAVE_DECL_STRLCPY 1
| #define HAVE_DECL_STRSEP 1
| #define HAVE_DECL_TIMINGSAFE_BCMP 0
| #define HAVE_DECL_PREADV 1
| #define HAVE_DECL_PWRITEV 1
| #define HAVE_DECL_STRCHRNUL 1
| #define HAVE_DECL_MEMSET_S 0
| #define HAVE_DECL_F_FULLFSYNC 0
| #define HAVE_EXPLICIT_BZERO 1
| #define HAVE_GETOPT 1
| #define HAVE_INET_ATON 1
| #define HAVE_MKDTEMP 1
| #define HAVE_STRLCAT 1
| #define HAVE_STRLCPY 1
| #define HAVE_STRSEP 1
| #define HAVE_PTHREAD_BARRIER_WAIT 1
| #define HAVE_GETOPT_LONG 1
| #define HAVE_SYSLOG 1
| #define HAVE_INT_OPTERR 1
| #define SIZEOF_VOID_P 8
| #define SIZEOF_SIZE_T 8
| #define SIZEOF_LONG 8
| #define SIZEOF_LONG_LONG 8
| #define SIZEOF_INTMAX_T 8
| #define ALIGNOF_SHORT 2
| #define ALIGNOF_INT 4
| #define ALIGNOF_LONG 8
| #define ALIGNOF_INT64_T 8
| #define ALIGNOF_DOUBLE 8
| #define MAXIMUM_ALIGNOF 8
| #define PG_INT128_TYPE __int128
| #define ALIGNOF_PG_INT128_TYPE 16
| #define HAVE_GCC__SYNC_CHAR_TAS 1
| #define HAVE_GCC__SYNC_INT32_TAS 1
| #define HAVE_GCC__SYNC_INT32_CAS 1
| #define HAVE_GCC__SYNC_INT64_CAS 1
| #define HAVE_GCC__ATOMIC_INT32_CAS 1
| #define HAVE_GCC__ATOMIC_INT64_CAS 1
| #define HAVE__GET_CPUID 1
| #define HAVE__GET_CPUID_COUNT 1
| #define HAVE_XSAVE_INTRINSICS 1
| #define USE_AVX512_POPCNT_WITH_RUNTIME_CHECK 1
| /* end confdefs.h.  */
| unsigned int crc;
| int
| main ()
| {
| crc = __builtin_loongarch_crcc_w_b_w(0, crc);
|    crc = __builtin_loongarch_crcc_w_h_w(0, crc);
|    crc = __builtin_loongarch_crcc_w_w_w(0, crc);
|    crc = __builtin_loongarch_crcc_w_d_w(0, crc);
|    /* return computed value, to prevent the above being optimized away */
|    return crc == 0;
|   ;
|   return 0;
| }
configure:18123: result: no
configure:18193: checking which CRC-32C implementation to use
configure:18208: result: SSE 4.2 with runtime check
configure:18251: checking for _mm512_clmulepi64_epi128
configure:18286: gcc -o conftest -Wall -Wmissing-prototypes -Wpointer-arith -Wdeclaration-after-statement -Werror=vla -Wendif-labels -Wmissing-format-attribute -Wimplicit-fallthrough=3 -Wcast-function-type -Wshadow=compatible-local -Wformat-security -fno-strict-aliasing -fwrapv -fexcess-precision=standard -Wno-format-truncation -Wno-stringop-truncation -O2  -D_GNU_SOURCE    conftest.c -lz -lm  >&5
configure:18286: $? = 0
configure:18294: result: yes
configure:18302: checking for vectorized CRC-32C
configure:18308: result: AVX-512 with runtime check
configure:18378: checking for library containing sem_init
configure:18409: gcc -o conftest -Wall -Wmissing-prototypes -Wpointer-arith -Wdeclaration-after-statement -Werror=vla -Wendif-labels -Wmissing-format-attribute -Wimplicit-fallthrough=3 -Wcast-function-type -Wshadow=compatible-local -Wformat-security -fno-strict-aliasing -fwrapv -fexcess-precision=standard -Wno-format-truncation -Wno-stringop-truncation -O2  -D_GNU_SOURCE    conftest.c -lz -lm  >&5
configure:18409: $? = 0
configure:18426: result: none required
configure:18435: checking which semaphore API to use
configure:18458: result: unnamed POSIX
configure:18484: checking which random number source to use
configure:18496: result: /dev/urandom
configure:18498: checking for /dev/urandom
configure:18511: result: yes
configure:18984: checking for xmllint
configure:19017: result: no
configure:19038: checking for xsltproc
configure:19071: result: no
configure:19092: checking for fop
configure:19125: result: no
configure:19146: checking for dbtoepub
configure:19179: result: no
configure:19371: checking whether gcc supports -Wl,--as-needed, for LDFLAGS
configure:19392: gcc -o conftest -Wall -Wmissing-prototypes -Wpointer-arith -Wdeclaration-after-statement -Werror=vla -Wendif-labels -Wmissing-format-attribute -Wimplicit-fallthrough=3 -Wcast-function-type -Wshadow=compatible-local -Wformat-security -fno-strict-aliasing -fwrapv -fexcess-precision=standard -Wno-format-truncation -Wno-stringop-truncation -O2  -D_GNU_SOURCE    -Wl,--as-needed conftest.c -lz -lm  >&5
configure:19392: $? = 0
configure:19392: ./conftest
configure:19392: $? = 0
configure:19403: result: yes
configure:19418: checking whether gcc supports -Wl,--export-dynamic, for LDFLAGS_EX_BE
configure:19439: gcc -o conftest -Wall -Wmissing-prototypes -Wpointer-arith -Wdeclaration-after-statement -Werror=vla -Wendif-labels -Wmissing-format-attribute -Wimplicit-fallthrough=3 -Wcast-function-type -Wshadow=compatible-local -Wformat-security -fno-strict-aliasing -fwrapv -fexcess-precision=standard -Wno-format-truncation -Wno-stringop-truncation -O2  -D_GNU_SOURCE    -Wl,--as-needed -Wl,--export-dynamic conftest.c -lz -lm  >&5
configure:19439: $? = 0
configure:19439: ./conftest
configure:19439: $? = 0
configure:19450: result: yes
configure:19537: using compiler=gcc (Ubuntu 13.3.0-6ubuntu2~24.04) 13.3.0
configure:19539: using CFLAGS=-Wall -Wmissing-prototypes -Wpointer-arith -Wdeclaration-after-statement -Werror=vla -Wendif-labels -Wmissing-format-attribute -Wimplicit-fallthrough=3 -Wcast-function-type -Wshadow=compatible-local -Wformat-security -fno-strict-aliasing -fwrapv -fexcess-precision=standard -Wno-format-truncation -Wno-stringop-truncation -O2
configure:19541: using CPPFLAGS= -D_GNU_SOURCE 
configure:19543: using LDFLAGS=  -Wl,--as-needed
configure:19572: result: done
configure:19703: creating ./config.status

## ---------------------- ##
## Running config.status. ##
## ---------------------- ##

This file was extended by PostgreSQL config.status 19devel, which was
generated by GNU Autoconf 2.69.  Invocation command line was

  CONFIG_FILES    = 
  CONFIG_HEADERS  = 
  CONFIG_LINKS    = 
  CONFIG_COMMANDS = 
  $ ./config.status 

on runnervmkj6or

config.status:1098: creating GNUmakefile
config.status:1098: creating src/Makefile.global
config.status:1098: creating src/include/pg_config.h
config.status:1098: creating src/interfaces/ecpg/include/ecpg_config.h
config.status:1290: linking ../src/backend/port/posix_sema.c to src/backend/port/pg_sema.c
config.status:1290: linking ../src/backend/port/sysv_shmem.c to src/backend/port/pg_shmem.c
config.status:1290: linking ../src/include/port/linux.h to src/include/pg_config_os.h
config.status:1290: linking ../src/makefiles/Makefile.linux to src/Makefile.port

## ---------------- ##
## Cache variables. ##
## ---------------- ##

ac_cv_alignof_PG_INT128_TYPE=16
ac_cv_alignof_double=8
ac_cv_alignof_int64_t=8
ac_cv_alignof_int=4
ac_cv_alignof_long=8
ac_cv_alignof_short=2
ac_cv_build=x86_64-pc-linux-gnu
ac_cv_c_bigendian=no
ac_cv_c_compiler_gnu=yes
ac_cv_c_decl_report=error
ac_cv_c_inline=inline
ac_cv_c_restrict=__restrict
ac_cv_cxx_compiler_gnu=yes
ac_cv_env_CCC_set=
ac_cv_env_CCC_value=
ac_cv_env_CC_set=
ac_cv_env_CC_value=
ac_cv_env_CFLAGS_set=
ac_cv_env_CFLAGS_value=
ac_cv_env_CLANG_set=
ac_cv_env_CLANG_value=
ac_cv_env_CPPFLAGS_set=
ac_cv_env_CPPFLAGS_value=
ac_cv_env_CPP_set=
ac_cv_env_CPP_value=
ac_cv_env_CXXFLAGS_set=
ac_cv_env_CXXFLAGS_value=
ac_cv_env_CXX_set=
ac_cv_env_CXX_value=
ac_cv_env_ICU_CFLAGS_set=
ac_cv_env_ICU_CFLAGS_value=
ac_cv_env_ICU_LIBS_set=
ac_cv_env_ICU_LIBS_value=
ac_cv_env_LDFLAGS_EX_set=
ac_cv_env_LDFLAGS_EX_value=
ac_cv_env_LDFLAGS_SL_set=
ac_cv_env_LDFLAGS_SL_value=
ac_cv_env_LDFLAGS_set=
ac_cv_env_LDFLAGS_value=
ac_cv_env_LIBCURL_CFLAGS_set=
ac_cv_env_LIBCURL_CFLAGS_value=
ac_cv_env_LIBCURL_LIBS_set=
ac_cv_env_LIBCURL_LIBS_value=
ac_cv_env_LIBNUMA_CFLAGS_set=
ac_cv_env_LIBNUMA_CFLAGS_value=
ac_cv_env_LIBNUMA_LIBS_set=
ac_cv_env_LIBNUMA_LIBS_value=
ac_cv_env_LIBS_set=
ac_cv_env_LIBS_value=
ac_cv_env_LIBURING_CFLAGS_set=
ac_cv_env_LIBURING_CFLAGS_value=
ac_cv_env_LIBURING_LIBS_set=
ac_cv_env_LIBURING_LIBS_value=
ac_cv_env_LLVM_CONFIG_set=
ac_cv_env_LLVM_CONFIG_value=
ac_cv_env_LZ4_CFLAGS_set=
ac_cv_env_LZ4_CFLAGS_value=
ac_cv_env_LZ4_LIBS_set=
ac_cv_env_LZ4_LIBS_value=
ac_cv_env_MSGFMT_set=
ac_cv_env_MSGFMT_value=
ac_cv_env_PERL_set=
ac_cv_env_PERL_value=
ac_cv_env_PG_TEST_EXTRA_set=
ac_cv_env_PG_TEST_EXTRA_value=
ac_cv_env_PKG_CONFIG_LIBDIR_set=
ac_cv_env_PKG_CONFIG_LIBDIR_value=
ac_cv_env_PKG_CONFIG_PATH_set=
ac_cv_env_PKG_CONFIG_PATH_value=
ac_cv_env_PKG_CONFIG_set=
ac_cv_env_PKG_CONFIG_value=
ac_cv_env_PYTHON_set=
ac_cv_env_PYTHON_value=
ac_cv_env_TCLSH_set=
ac_cv_env_TCLSH_value=
ac_cv_env_XML2_CFLAGS_set=
ac_cv_env_XML2_CFLAGS_value=
ac_cv_env_XML2_CONFIG_set=
ac_cv_env_XML2_CONFIG_value=
ac_cv_env_XML2_LIBS_set=
ac_cv_env_XML2_LIBS_value=
ac_cv_env_ZSTD_CFLAGS_set=
ac_cv_env_ZSTD_CFLAGS_value=
ac_cv_env_ZSTD_LIBS_set=
ac_cv_env_ZSTD_LIBS_value=
ac_cv_env_build_alias_set=
ac_cv_env_build_alias_value=
ac_cv_env_host_alias_set=
ac_cv_env_host_alias_value=
ac_cv_env_target_alias_set=
ac_cv_env_target_alias_value=
ac_cv_file__dev_urandom=yes
ac_cv_func_backtrace_symbols=yes
ac_cv_func_copy_file_range=yes
ac_cv_func_copyfile=no
ac_cv_func_elf_aux_info=no
ac_cv_func_explicit_bzero=yes
ac_cv_func_getauxval=yes
ac_cv_func_getifaddrs=yes
ac_cv_func_getopt=yes
ac_cv_func_getopt_long=yes
ac_cv_func_getpeereid=no
ac_cv_func_getpeerucred=no
ac_cv_func_inet_aton=yes
ac_cv_func_inet_pton=yes
ac_cv_func_kqueue=no
ac_cv_func_localeconv_l=no
ac_cv_func_mbstowcs_l=no
ac_cv_func_mkdtemp=yes
ac_cv_func_posix_fadvise=yes
ac_cv_func_posix_fallocate=yes
ac_cv_func_ppoll=yes
ac_cv_func_pthread_barrier_wait=yes
ac_cv_func_pthread_is_threaded_np=no
ac_cv_func_setproctitle=no
ac_cv_func_setproctitle_fast=no
ac_cv_func_strerror_r=yes
ac_cv_func_strlcat=yes
ac_cv_func_strlcpy=yes
ac_cv_func_strsep=yes
ac_cv_func_strsignal=yes
ac_cv_func_sync_file_range=yes
ac_cv_func_syncfs=yes
ac_cv_func_syslog=yes
ac_cv_func_timingsafe_bcmp=no
ac_cv_func_uselocale=yes
ac_cv_func_wcstombs_l=no
ac_cv_have_decl_F_FULLFSYNC=no
ac_cv_have_decl_fdatasync=yes
ac_cv_have_decl_memset_s=no
ac_cv_have_decl_posix_fadvise=yes
ac_cv_have_decl_preadv=yes
ac_cv_have_decl_pwritev=yes
ac_cv_have_decl_strchrnul=yes
ac_cv_have_decl_strlcat=yes
ac_cv_have_decl_strlcpy=yes
ac_cv_have_decl_strsep=yes
ac_cv_have_decl_timingsafe_bcmp=no
ac_cv_header_copyfile_h=no
ac_cv_header_execinfo_h=yes
ac_cv_header_getopt_h=yes
ac_cv_header_ifaddrs_h=yes
ac_cv_header_inttypes_h=yes
ac_cv_header_memory_h=yes
ac_cv_header_pthread_h=yes
ac_cv_header_stdc=yes
ac_cv_header_stdint_h=yes
ac_cv_header_stdlib_h=yes
ac_cv_header_string_h=yes
ac_cv_header_strings_h=yes
ac_cv_header_sys_epoll_h=yes
ac_cv_header_sys_event_h=no
ac_cv_header_sys_personality_h=yes
ac_cv_header_sys_prctl_h=yes
ac_cv_header_sys_procctl_h=no
ac_cv_header_sys_signalfd_h=yes
ac_cv_header_sys_stat_h=yes
ac_cv_header_sys_types_h=yes
ac_cv_header_sys_ucred_h=no
ac_cv_header_syslog_h=yes
ac_cv_header_termios_h=yes
ac_cv_header_uchar_h=yes
ac_cv_header_ucred_h=no
ac_cv_header_unicode_ucol_h=yes
ac_cv_header_unistd_h=yes
ac_cv_header_xlocale_h=no
ac_cv_header_zlib_h=yes
ac_cv_host=x86_64-pc-linux-gnu
ac_cv_lib_m_main=yes
ac_cv_lib_z_inflate=yes
ac_cv_member_struct_sockaddr_sa_len=no
ac_cv_member_struct_tm_tm_zone=yes
ac_cv_objext=o
ac_cv_path_BISON=/usr/bin/bison
ac_cv_path_EGREP='/usr/bin/grep -E'
ac_cv_path_FLEX=/usr/bin/flex
ac_cv_path_GREP=/usr/bin/grep
ac_cv_path_LZ4=/usr/bin/lz4
ac_cv_path_NM=/usr/bin/nm
ac_cv_path_OPENSSL=/usr/bin/openssl
ac_cv_path_PERL=/usr/bin/perl
ac_cv_path_SED=/usr/bin/sed
ac_cv_path_TAR=/usr/bin/tar
ac_cv_path_ZSTD=/usr/local/bin/zstd
ac_cv_path_ac_pt_PKG_CONFIG=/usr/bin/pkg-config
ac_cv_path_install='/usr/bin/install -c'
ac_cv_path_mkdir=/usr/bin/mkdir
ac_cv_prog_AWK=gawk
ac_cv_prog_CPP='gcc -E'
ac_cv_prog_ac_ct_AR=ar
ac_cv_prog_ac_ct_CC=gcc
ac_cv_prog_ac_ct_CXX=g++
ac_cv_prog_ac_ct_STRIP=strip
ac_cv_prog_cc_c89=
ac_cv_prog_cc_g=yes
ac_cv_prog_cxx_g=yes
ac_cv_search_backtrace_symbols='none required'
ac_cv_search_clock_gettime='none required'
ac_cv_search_dlsym='none required'
ac_cv_search_getopt_long='none required'
ac_cv_search_pthread_barrier_wait='none required'
ac_cv_search_sem_init='none required'
ac_cv_search_setproctitle=no
ac_cv_search_shm_open='none required'
ac_cv_search_shm_unlink='none required'
ac_cv_search_shmget='none required'
ac_cv_search_socket='none required'
ac_cv_sizeof_intmax_t=8
ac_cv_sizeof_long=8
ac_cv_sizeof_long_long=8
ac_cv_sizeof_off_t=8
ac_cv_sizeof_size_t=8
ac_cv_sizeof_void_p=8
ac_cv_sys_file_offset_bits=no
ac_cv_sys_largefile_CC=no
ac_cv_sys_largefile_source=no
ac_cv_type_socklen_t=yes
ac_cv_type_struct_option=yes
ac_cv_type_union_semun=no
ax_cv_PTHREAD_CLANG=no
ax_cv_PTHREAD_JOINABLE_ATTR=PTHREAD_CREATE_JOINABLE
ax_cv_PTHREAD_PRIO_INHERIT=yes
ax_cv_PTHREAD_SPECIAL_FLAGS=no
pgac_cv__128bit_int=yes
pgac_cv__128bit_int_bug=ok
pgac_cv__builtin_bswap16=yes
pgac_cv__builtin_bswap32=yes
pgac_cv__builtin_bswap64=yes
pgac_cv__builtin_clz=yes
pgac_cv__builtin_constant_p=yes
pgac_cv__builtin_ctz=yes
pgac_cv__builtin_frame_address=yes
pgac_cv__builtin_op_overflow=yes
pgac_cv__builtin_popcount=yes
pgac_cv__builtin_unreachable=yes
pgac_cv__get_cpuid=yes
pgac_cv__get_cpuid_count=yes
pgac_cv__types_compatible=yes
pgac_cv_armv8_crc32c_intrinsics_=no
pgac_cv_armv8_crc32c_intrinsics__march_armv8_apcrc=no
pgac_cv_armv8_crc32c_intrinsics__march_armv8_apcrcpsimd=no
pgac_cv_avx512_pclmul_intrinsics=yes
pgac_cv_avx512_popcnt_intrinsics=yes
pgac_cv_c_typeof=typeof
pgac_cv_computed_goto=yes
pgac_cv_cxx_printf_archetype=gnu_printf
pgac_cv_func_strerror_r_int=no
pgac_cv_gcc_atomic_int32_cas=yes
pgac_cv_gcc_atomic_int64_cas=yes
pgac_cv_gcc_sync_char_tas=yes
pgac_cv_gcc_sync_int32_cas=yes
pgac_cv_gcc_sync_int32_tas=yes
pgac_cv_gcc_sync_int64_cas=yes
pgac_cv_have_x86_64_popcntq=yes
pgac_cv_loongarch_crc32c_intrinsics=no
pgac_cv_printf_archetype=gnu_printf
pgac_cv_prog_CC_cflags__Wcast_function_type=yes
pgac_cv_prog_CC_cflags__Wcast_function_type_strict=no
pgac_cv_prog_CC_cflags__Wcompound_token_split_by_macro=no
pgac_cv_prog_CC_cflags__Wdeclaration_after_statement=yes
pgac_cv_prog_CC_cflags__Wendif_labels=yes
pgac_cv_prog_CC_cflags__Werror_unguarded_availability_new=no
pgac_cv_prog_CC_cflags__Werror_vla=yes
pgac_cv_prog_CC_cflags__Wformat_security=yes
pgac_cv_prog_CC_cflags__Wformat_truncation=yes
pgac_cv_prog_CC_cflags__Wimplicit_fallthrough_3=yes
pgac_cv_prog_CC_cflags__Wmissing_format_attribute=yes
pgac_cv_prog_CC_cflags__Wmissing_variable_declarations=no
pgac_cv_prog_CC_cflags__Wshadow_compatible_local=yes
pgac_cv_prog_CC_cflags__Wstringop_truncation=yes
pgac_cv_prog_CC_cflags__Wunused_command_line_argument=no
pgac_cv_prog_CC_cflags__fexcess_precision_standard=yes
pgac_cv_prog_CC_cflags__fno_strict_aliasing=yes
pgac_cv_prog_CC_cflags__ftree_vectorize=yes
pgac_cv_prog_CC_cflags__funroll_loops=yes
pgac_cv_prog_CC_cflags__fvisibility_hidden=yes
pgac_cv_prog_CC_cflags__fwrapv=yes
pgac_cv_prog_CXX_cxxflags__Wcast_function_type=yes
pgac_cv_prog_CXX_cxxflags__Wendif_labels=yes
pgac_cv_prog_CXX_cxxflags__Werror_unguarded_availability_new=no
pgac_cv_prog_CXX_cxxflags__Wformat_security=yes
pgac_cv_prog_CXX_cxxflags__Wimplicit_fallthrough_3=yes
pgac_cv_prog_CXX_cxxflags__Wmissing_format_attribute=yes
pgac_cv_prog_CXX_cxxflags__Wshadow_compatible_local=yes
pgac_cv_prog_CXX_cxxflags__fexcess_precision_standard=yes
pgac_cv_prog_CXX_cxxflags__fno_strict_aliasing=yes
pgac_cv_prog_CXX_cxxflags__fvisibility_hidden=yes
pgac_cv_prog_CXX_cxxflags__fvisibility_inlines_hidden=yes
pgac_cv_prog_CXX_cxxflags__fwrapv=yes
pgac_cv_prog_cc_LDFLAGS_EX_BE__Wl___export_dynamic=yes
pgac_cv_prog_cc_LDFLAGS__Wl___as_needed=yes
pgac_cv_prog_cc_c11=
pgac_cv_prog_cxx_cxx11=
pgac_cv_sse42_crc32_intrinsics=yes
pgac_cv_statement_expressions=yes
pgac_cv_var_int_opterr=yes
pgac_cv_var_int_optreset=no
pgac_cv_var_int_timezone=yes
pgac_cv_xsave_intrinsics=yes
pkg_cv_ICU_CFLAGS=
pkg_cv_ICU_LIBS='-licui18n -licuuc -licudata '

## ----------------- ##
## Output variables. ##
## ----------------- ##

AR='ar'
AWK='gawk'
BISON='/usr/bin/bison'
BISONFLAGS=' -Wno-deprecated'
BITCODE_CFLAGS=' -O2 '
BITCODE_CXXFLAGS=' -O2 '
CC='gcc'
CFLAGS='-Wall -Wmissing-prototypes -Wpointer-arith -Wdeclaration-after-statement -Werror=vla -Wendif-labels -Wmissing-format-attribute -Wimplicit-fallthrough=3 -Wcast-function-type -Wshadow=compatible-local -Wformat-security -fno-strict-aliasing -fwrapv -fexcess-precision=standard -Wno-format-truncation -Wno-stringop-truncation -O2'
CFLAGS_CRC=''
CFLAGS_SL='-fPIC'
CFLAGS_SL_MODULE=' -fvisibility=hidden'
CFLAGS_UNROLL_LOOPS=' -funroll-loops'
CFLAGS_VECTORIZE=' -ftree-vectorize'
CLANG=''
CPP='gcc -E'
CPPFLAGS=' -D_GNU_SOURCE '
CXX='g++'
CXXFLAGS='-Wall -Wpointer-arith -Wendif-labels -Wmissing-format-attribute -Wimplicit-fallthrough=3 -Wcast-function-type -Wshadow=compatible-local -Wformat-security -fno-strict-aliasing -fwrapv -fexcess-precision=standard -O2'
CXXFLAGS_SL_MODULE=' -fvisibility=hidden -fvisibility-inlines-hidden'
DBTOEPUB=''
DEFS='-DHAVE_CONFIG_H'
DLSUFFIX='.so'
DTRACE=''
DTRACEFLAGS=''
ECHO_C=''
ECHO_N='-n'
ECHO_T=''
EGREP='/usr/bin/grep -E'
EXEEXT=''
FLEX='/usr/bin/flex'
FLEXFLAGS=''
FOP=''
GCC='yes'
GCOV=''
GENHTML=''
GREP='/usr/bin/grep'
ICU_CFLAGS=''
ICU_LIBS='-licui18n -licuuc -licudata '
INSTALL_DATA='${INSTALL} -m 644'
INSTALL_PROGRAM='${INSTALL}'
INSTALL_SCRIPT='${INSTALL}'
LCOV=''
LDAP_LIBS_BE=''
LDAP_LIBS_FE=''
LDFLAGS='  -Wl,--as-needed'
LDFLAGS_EX=''
LDFLAGS_EX_BE=' -Wl,--export-dynamic'
LDFLAGS_SL=''
LIBCURL_CFLAGS=''
LIBCURL_CPPFLAGS=''
LIBCURL_LDFLAGS=''
LIBCURL_LDLIBS=''
LIBCURL_LIBS=''
LIBNUMA_CFLAGS=''
LIBNUMA_LIBS=''
LIBOBJS=' ${LIBOBJDIR}getpeereid$U.o ${LIBOBJDIR}timingsafe_bcmp$U.o'
LIBS='-lz -lm '
LIBURING_CFLAGS=''
LIBURING_LIBS=''
LLVM_BINPATH=''
LLVM_CFLAGS=''
LLVM_CONFIG=''
LLVM_CPPFLAGS=''
LLVM_CXXFLAGS=''
LLVM_LIBS=''
LN_S='ln -s'
LTLIBOBJS=' ${LIBOBJDIR}getpeereid$U.lo ${LIBOBJDIR}timingsafe_bcmp$U.lo'
LZ4='/usr/bin/lz4'
LZ4_CFLAGS=''
LZ4_LIBS=''
MKDIR_P='/usr/bin/mkdir -p'
MSGFMT=''
MSGFMT_FLAGS=''
MSGMERGE=''
NM='/usr/bin/nm'
OBJEXT='o'
OPENSSL='/usr/bin/openssl'
PACKAGE_BUGREPORT='pgsql-bugs@lists.postgresql.org'
PACKAGE_NAME='PostgreSQL'
PACKAGE_STRING='PostgreSQL 19devel'
PACKAGE_TARNAME='postgresql'
PACKAGE_URL='https://www.postgresql.org/'
PACKAGE_VERSION='19devel'
PATH_SEPARATOR=':'
PERL='/usr/bin/perl'
PERMIT_DECLARATION_AFTER_STATEMENT='-Wno-declaration-after-statement'
PERMIT_MISSING_VARIABLE_DECLARATIONS=''
PG_CRC32C_OBJS='pg_crc32c_sse42.o pg_crc32c_sb8.o pg_crc32c_sse42_choose.o'
PG_MAJORVERSION='19'
PG_SYSROOT=''
PG_TEST_EXTRA=''
PG_VERSION_NUM='190000'
PKG_CONFIG='/usr/bin/pkg-config'
PKG_CONFIG_LIBDIR=''
PKG_CONFIG_PATH=''
PORTNAME='linux'
PROVE=''
PTHREAD_CC='gcc'
PTHREAD_CFLAGS='-pthread -D_REENTRANT -D_THREAD_SAFE'
PTHREAD_LIBS=''
PYTHON=''
SED='/usr/bin/sed'
SHELL='/bin/bash'
STRIP='strip'
STRIP_SHARED_LIB='strip --strip-unneeded'
STRIP_STATIC_LIB='strip --strip-unneeded'
TAR='/usr/bin/tar'
TCLSH=''
TCL_CONFIG_SH=''
TCL_INCLUDE_SPEC=''
TCL_LIBS=''
TCL_LIB_SPEC=''
TCL_SHARED_BUILD=''
UUID_LIBS=''
WANTED_LANGUAGES=''
WINDRES=''
XGETTEXT=''
XML2_CFLAGS=''
XML2_CONFIG=''
XML2_LIBS=''
XMLLINT=''
XSLTPROC=''
ZIC=''
ZSTD='/usr/local/bin/zstd'
ZSTD_CFLAGS=''
ZSTD_LIBS=''
ac_ct_CC='gcc'
ac_ct_CXX='g++'
autodepend=''
ax_pthread_config=''
bindir='${exec_prefix}/bin'
build='x86_64-pc-linux-gnu'
build_alias=''
build_cpu='x86_64'
build_os='linux-gnu'
build_vendor='pc'
datadir='${datarootdir}'
datarootdir='${prefix}/share'
default_port='5432'
docdir='${datarootdir}/doc/${PACKAGE_TARNAME}'
dvidir='${docdir}'
enable_coverage='no'
enable_debug='no'
enable_dtrace='no'
enable_injection_points='no'
enable_nls='no'
enable_rpath='yes'
enable_tap_tests='no'
exec_prefix='${prefix}'
have_cxx='yes'
host='x86_64-pc-linux-gnu'
host_alias=''
host_cpu='x86_64'
host_os='linux-gnu'
host_vendor='pc'
htmldir='${docdir}'
includedir='${prefix}/include'
infodir='${datarootdir}/info'
install_bin='/usr/bin/install -c'
krb_srvtab=''
libdir='${exec_prefix}/lib'
libexecdir='${exec_prefix}/libexec'
localedir='${datarootdir}/locale'
localstatedir='${prefix}/var'
mandir='${datarootdir}/man'
oldincludedir='/usr/include'
pdfdir='${docdir}'
perl_archlibexp=''
perl_embed_ccflags=''
perl_embed_ldflags=''
perl_includespec=''
perl_privlibexp=''
perl_useshrplib=''
prefix='/tmp/pg_install'
program_transform_name='s,x,x,'
psdir='${docdir}'
python_additional_libs=''
python_includespec=''
python_libdir=''
python_libspec=''
python_majorversion=''
python_version=''
sbindir='${exec_prefix}/sbin'
sharedstatedir='${prefix}/com'
sysconfdir='${prefix}/etc'
target_alias=''
vpath_build='yes'
with_gssapi='no'
with_icu='yes'
with_krb_srvnam='postgres'
with_ldap='no'
with_libcurl='no'
with_libnuma='no'
with_liburing='no'
with_libxml='no'
with_libxslt='no'
with_llvm='no'
with_lz4='no'
with_perl='no'
with_python='no'
with_readline='no'
with_selinux='no'
with_ssl='no'
with_system_tzdata=''
with_systemd='no'
with_tcl='no'
with_uuid='no'
with_zlib='yes'
with_zstd='no'

## ----------- ##
## confdefs.h. ##
## ----------- ##

/* confdefs.h */
#define PACKAGE_NAME "PostgreSQL"
#define PACKAGE_TARNAME "postgresql"
#define PACKAGE_VERSION "19devel"
#define PACKAGE_STRING "PostgreSQL 19devel"
#define PACKAGE_BUGREPORT "pgsql-bugs@lists.postgresql.org"
#define PACKAGE_URL "https://www.postgresql.org/"
#define CONFIGURE_ARGS " '--prefix=/tmp/pg_install' '--enable-cassert' '--without-readline'"
#define PG_MAJORVERSION "19"
#define PG_MAJORVERSION_NUM 19
#define PG_MINORVERSION_NUM 0
#define PG_VERSION "19devel"
#define DEF_PGPORT 5432
#define DEF_PGPORT_STR "5432"
#define BLCKSZ 8192
#define RELSEG_SIZE 131072
#define XLOG_BLCKSZ 8192
#define HAVE_VISIBILITY_ATTRIBUTE 1
#define DLSUFFIX ".so"
#define USE_ASSERT_CHECKING 1
#define USE_ICU 1
#define PG_KRB_SRVNAM "postgres"
#define STDC_HEADERS 1
#define HAVE_SYS_TYPES_H 1
#define HAVE_SYS_STAT_H 1
#define HAVE_STDLIB_H 1
#define HAVE_STRING_H 1
#define HAVE_MEMORY_H 1
#define HAVE_STRINGS_H 1
#define HAVE_INTTYPES_H 1
#define HAVE_STDINT_H 1
#define HAVE_UNISTD_H 1
#define HAVE_PTHREAD_PRIO_INHERIT 1
#define HAVE_PTHREAD 1
#define HAVE_STRERROR_R 1
#define HAVE_LIBM 1
#define HAVE_LIBZ 1
#define HAVE_EXECINFO_H 1
#define HAVE_GETOPT_H 1
#define HAVE_IFADDRS_H 1
#define HAVE_SYS_EPOLL_H 1
#define HAVE_SYS_PERSONALITY_H 1
#define HAVE_SYS_PRCTL_H 1
#define HAVE_SYS_SIGNALFD_H 1
#define HAVE_TERMIOS_H 1
#define HAVE_UCHAR_H 1
#define PG_C_PRINTF_ATTRIBUTE gnu_printf
#define PG_CXX_PRINTF_ATTRIBUTE gnu_printf
#define HAVE_STATEMENT_EXPRESSIONS 1
#define HAVE_TYPEOF 1
#define HAVE__BUILTIN_TYPES_COMPATIBLE_P 1
#define HAVE__BUILTIN_CONSTANT_P 1
#define HAVE__BUILTIN_OP_OVERFLOW 1
#define HAVE__BUILTIN_UNREACHABLE 1
#define HAVE_COMPUTED_GOTO 1
#define HAVE_STRUCT_TM_TM_ZONE 1
#define HAVE_SOCKLEN_T 1
#define restrict __restrict
#define pg_restrict __restrict
#define HAVE_STRUCT_OPTION 1
#define HAVE_X86_64_POPCNTQ 1
#define SIZEOF_OFF_T 8
#define HAVE_INT_TIMEZONE 1
#define HAVE_BACKTRACE_SYMBOLS 1
#define HAVE_COPY_FILE_RANGE 1
#define HAVE_GETAUXVAL 1
#define HAVE_GETIFADDRS 1
#define HAVE_INET_PTON 1
#define HAVE_POSIX_FALLOCATE 1
#define HAVE_PPOLL 1
#define HAVE_STRSIGNAL 1
#define HAVE_SYNCFS 1
#define HAVE_SYNC_FILE_RANGE 1
#define HAVE_USELOCALE 1
#define HAVE__BUILTIN_BSWAP16 1
#define HAVE__BUILTIN_BSWAP32 1
#define HAVE__BUILTIN_BSWAP64 1
#define HAVE__BUILTIN_CLZ 1
#define HAVE__BUILTIN_CTZ 1
#define HAVE__BUILTIN_POPCOUNT 1
#define HAVE__BUILTIN_FRAME_ADDRESS 1
#define HAVE_FSEEKO 1
#define HAVE_POSIX_FADVISE 1
#define HAVE_DECL_POSIX_FADVISE 1
#define HAVE_DECL_FDATASYNC 1
#define HAVE_DECL_STRLCAT 1
#define HAVE_DECL_STRLCPY 1
#define HAVE_DECL_STRSEP 1
#define HAVE_DECL_TIMINGSAFE_BCMP 0
#define HAVE_DECL_PREADV 1
#define HAVE_DECL_PWRITEV 1
#define HAVE_DECL_STRCHRNUL 1
#define HAVE_DECL_MEMSET_S 0
#define HAVE_DECL_F_FULLFSYNC 0
#define HAVE_EXPLICIT_BZERO 1
#define HAVE_GETOPT 1
#define HAVE_INET_ATON 1
#define HAVE_MKDTEMP 1
#define HAVE_STRLCAT 1
#define HAVE_STRLCPY 1
#define HAVE_STRSEP 1
#define HAVE_PTHREAD_BARRIER_WAIT 1
#define HAVE_GETOPT_LONG 1
#define HAVE_SYSLOG 1
#define HAVE_INT_OPTERR 1
#define SIZEOF_VOID_P 8
#define SIZEOF_SIZE_T 8
#define SIZEOF_LONG 8
#define SIZEOF_LONG_LONG 8
#define SIZEOF_INTMAX_T 8
#define ALIGNOF_SHORT 2
#define ALIGNOF_INT 4
#define ALIGNOF_LONG 8
#define ALIGNOF_INT64_T 8
#define ALIGNOF_DOUBLE 8
#define MAXIMUM_ALIGNOF 8
#define PG_INT128_TYPE __int128
#define ALIGNOF_PG_INT128_TYPE 16
#define HAVE_GCC__SYNC_CHAR_TAS 1
#define HAVE_GCC__SYNC_INT32_TAS 1
#define HAVE_GCC__SYNC_INT32_CAS 1
#define HAVE_GCC__SYNC_INT64_CAS 1
#define HAVE_GCC__ATOMIC_INT32_CAS 1
#define HAVE_GCC__ATOMIC_INT64_CAS 1
#define HAVE__GET_CPUID 1
#define HAVE__GET_CPUID_COUNT 1
#define HAVE_XSAVE_INTRINSICS 1
#define USE_AVX512_POPCNT_WITH_RUNTIME_CHECK 1
#define USE_SSE42_CRC32C_WITH_RUNTIME_CHECK 1
#define USE_AVX512_CRC32C_WITH_RUNTIME_CHECK 1
#define USE_UNNAMED_POSIX_SEMAPHORES 1
#define USE_SYSV_SHARED_MEMORY 1
#define MEMSET_LOOP_LIMIT 1024
#define PG_VERSION_STR "PostgreSQL 19devel on x86_64-pc-linux-gnu, compiled by gcc (Ubuntu 13.3.0-6ubuntu2~24.04) 13.3.0, 64-bit"
#define PG_VERSION_NUM 190000

configure: exit 0
